price,min_price,max_price,beds,min_beds,max_beds,baths,min_baths,max_baths,house_type,address,postal_code,state,city,pictures,pictures1,permalink,cats,dogs
,1191.0,2042.0,,1.0,3.0,,1.0,2.0,apartment,4200 Northern Cross Blvd,76137,TX,Haltom City,https://ar.rdcpix.com/77b64130ab9b059e8a0b857c3b8e6e4dc-f2815131083od-w480_h360_x2.webp,https://ar.rdcpix.com/77b64130ab9b059e8a0b857c3b8e6e4dc-f1314283072od-w480_h360_x2.webp,4200-Northern-Cross-Blvd_Haltom-City_TX_76137_M85171-13491,True,True
,1676.0,2663.0,,1.0,3.0,,1.0,2.0,apartment,2241 S State Highway 121,75067,TX,Lewisville,https://ar.rdcpix.com/d7a84d7cbd0a43dc83e0a8dca24d64c4c-f650436435od-w480_h360_x2.webp,https://ar.rdcpix.com/d7a84d7cbd0a43dc83e0a8dca24d64c4c-f2715333945od-w480_h360_x2.webp,2241-S-State-Highway-121_Lewisville_TX_75067_M84058-33228,True,True
,1725.0,2985.0,,1.0,2.0,,1.0,2.0,apartment,5050 Capitol Ave,75206,TX,Dallas,https://ar.rdcpix.com/205f995c587234c74bae07dc2595daf2c-f3045147904od-w480_h360_x2.webp,https://ar.rdcpix.com/205f995c587234c74bae07dc2595daf2c-f2915040040od-w480_h360_x2.webp,5050-Capitol-Ave_Dallas_TX_75206_M80223-89057,True,True
1225.0,,,2.0,,,1.0,,,apartment,2206 W Hickory St Apt 9,76201,TX,Denton,https://ap.rdcpix.com/b76a703f13a851740942d63fb166195fl-m2312523130od-w480_h360_x2.webp,https://ap.rdcpix.com/b76a703f13a851740942d63fb166195fl-m689342138od-w480_h360_x2.webp,2206-W-Hickory-St-Apt-9_Denton_TX_76201_M91882-35494,,
4566.0,,,2.0,,,3.0,,,apartment,4 Chelsea Blvd Apt 111,77006,TX,Houston,https://ap.rdcpix.com/6fe9035e26e0f18695c34994ee559cael-m51474037od-w480_h360_x2.webp,https://ap.rdcpix.com/6fe9035e26e0f18695c34994ee559cael-m1455242981od-w480_h360_x2.webp,4-Chelsea-Blvd-Apt-111_Houston_TX_77006_M84284-46439,,
,1170.0,2485.0,,0.0,3.0,,1.0,2.0,apartment,744 Brick Row Dr,75081,TX,Richardson,https://ar.rdcpix.com/c4f39672f06c4a08e69ddc65fd171776c-f1017381915od-w480_h360_x2.webp,https://ar.rdcpix.com/c4f39672f06c4a08e69ddc65fd171776c-f1098319445od-w480_h360_x2.webp,744-Brick-Row-Dr_Richardson_TX_75081_M72453-60406,True,True
,1512.0,2380.0,,1.0,3.0,,1.0,2.0,apartment,2600 Kinship Pkwy,75009,TX,Celina,https://ar.rdcpix.com/deb55d7615262d0f6c88bc376a5fd403c-f2116293504od-w480_h360_x2.webp,https://ar.rdcpix.com/deb55d7615262d0f6c88bc376a5fd403c-f3501126923od-w480_h360_x2.webp,2600-Kinship-Pkwy_Celina_TX_75009_M90154-00830,True,True
,1340.0,2230.0,,1.0,3.0,,1.0,3.0,apartment,351 Sugarloaf Trl,75069,TX,Fairview,https://ar.rdcpix.com/9ae273bd8c57f174932cccb101a84fafc-f3275197521od-w480_h360_x2.webp,https://ar.rdcpix.com/9ae273bd8c57f174932cccb101a84fafc-f3999383166od-w480_h360_x2.webp,351-Sugarloaf-Trl_Fairview_TX_75069_M97695-35574,True,True
,1235.0,1865.0,,1.0,2.0,,1.0,2.0,apartment,2523 Ohio Dr,75093,TX,Plano,https://ar.rdcpix.com/b0bb59c6b40016cd0cb506e86ce8a6f3c-f7599726od-w480_h360_x2.webp,https://ar.rdcpix.com/b0bb59c6b40016cd0cb506e86ce8a6f3c-f3495840554od-w480_h360_x2.webp,2523-Ohio-Dr_Plano_TX_75093_M88492-43007,True,True
,2350.0,2395.0,,3.0,3.0,,2.0,2.5,apartment,1420 Walden Pond Dr,78660,TX,Pflugerville,https://ar.rdcpix.com/3fb0d3dc61d659f98fa15df2bf8566a2c-f4096876034od-w480_h360_x2.webp,https://ar.rdcpix.com/3fb0d3dc61d659f98fa15df2bf8566a2c-f4211152502od-w480_h360_x2.webp,1420-Walden-Pond-Dr_Pflugerville_TX_78660_M90049-03477,True,True
,1445.0,2015.0,,1.0,2.0,,1.0,2.0,apartment,1845 Chelsea Blvd,75013,TX,Allen,https://ar.rdcpix.com/ee9019fdad5a80c3bc3e87e419649fb4c-f3669186555od-w480_h360_x2.webp,https://ar.rdcpix.com/ee9019fdad5a80c3bc3e87e419649fb4c-f907955562od-w480_h360_x2.webp,1845-Chelsea-Blvd_Allen_TX_75013_M94582-54132,True,True
,1360.0,2900.0,,1.0,3.0,,1.0,3.5,apartment,800 FM 518 Rd,77565,TX,Kemah,https://ar.rdcpix.com/e32cb8df9f82421e419aa2c1234cc637c-f1516090247od-w480_h360_x2.webp,https://ar.rdcpix.com/e32cb8df9f82421e419aa2c1234cc637c-f1471872949od-w480_h360_x2.webp,800-FM-518-Rd_Kemah_TX_77565_M97022-84297,True,True
,1470.0,1900.0,,1.0,3.0,,1.0,2.0,apartment,501 Turner Rd,76051,TX,Grapevine,https://ar.rdcpix.com/1dcdb274c013beba353810a7a11e4c8dc-f59529383od-w480_h360_x2.webp,https://ar.rdcpix.com/1dcdb274c013beba353810a7a11e4c8dc-f393118216od-w480_h360_x2.webp,501-Turner-Rd_Grapevine_TX_76051_M71235-09152,True,True
,1455.0,2239.0,,1.0,2.0,,1.0,2.0,apartment,2701 N Grapevine Mills Blvd,76051,TX,Grapevine,https://ar.rdcpix.com/dde187669500f3b0de0d0c6ed01cc56bc-f3586097460od-w480_h360_x2.webp,https://ar.rdcpix.com/dde187669500f3b0de0d0c6ed01cc56bc-f2896790257od-w480_h360_x2.webp,2701-N-Grapevine-Mills-Blvd_Grapevine_TX_76051_M90218-08777,True,True
,1266.0,1684.0,,2.0,4.0,,2.0,3.0,apartment,500 W Pasadena Blvd,77536,TX,Deer Park,https://ar.rdcpix.com/e7ebe1e9ce1b61d6e280e5f3fb2db277c-f232897557od-w480_h360_x2.webp,https://ar.rdcpix.com/e7ebe1e9ce1b61d6e280e5f3fb2db277c-f584296256od-w480_h360_x2.webp,500-W-Pasadena-Blvd_Deer-Park_TX_77536_M74625-45799,True,True
,1471.0,2065.0,,1.0,2.0,,1.0,2.0,apartment,645 N Town East Blvd,75150,TX,Mesquite,https://ar.rdcpix.com/1b15c6e8853ab9a5d740a4e911c57889c-f4175682934od-w480_h360_x2.webp,https://ar.rdcpix.com/1b15c6e8853ab9a5d740a4e911c57889c-f2153326920od-w480_h360_x2.webp,645-N-Town-East-Blvd_Mesquite_TX_75150_M76047-66639,True,True
,945.0,1480.0,,0.0,2.0,,1.0,2.0,apartment,3601 S Fielder Rd,76015,TX,Arlington,https://ar.rdcpix.com/7279976aa75ea45640fea1b6a914b574c-f1426177250od-w480_h360_x2.webp,https://ar.rdcpix.com/7279976aa75ea45640fea1b6a914b574c-f3960417714od-w480_h360_x2.webp,3601-S-Fielder-Rd_Arlington_TX_76015_M92222-86791,True,True
,1007.0,1910.0,,0.0,3.0,,0.0,2.0,apartment,2346 N Macarthur Blvd,75062,TX,Irving,https://ar.rdcpix.com/876c7f62bc2ec079633819fa1e56dd98c-f363134550od-w480_h360_x2.webp,https://ar.rdcpix.com/876c7f62bc2ec079633819fa1e56dd98c-f1464768844od-w480_h360_x2.webp,2346-N-Macarthur-Blvd_Irving_TX_75062_M70124-85196,True,True
,1440.0,1992.0,,1.0,3.0,,1.0,3.0,apartment,5426 Meadowcreek Dr,75248,TX,Dallas,https://ar.rdcpix.com/7edb19023c3930e03ef03c67d424557bc-f849696225od-w480_h360_x2.webp,https://ar.rdcpix.com/7edb19023c3930e03ef03c67d424557bc-f879041808od-w480_h360_x2.webp,5426-Meadowcreek-Dr_Dallas_TX_75248_M88817-01643,True,True
,940.0,1315.0,,1.0,2.0,,1.0,2.0,apartment,2505 Thomason Cir,76006,TX,Arlington,https://ar.rdcpix.com/b1be8d075ea6e1dcbd68653246e2a6cdc-f2321365262od-w480_h360_x2.webp,https://ar.rdcpix.com/b1be8d075ea6e1dcbd68653246e2a6cdc-f711076414od-w480_h360_x2.webp,2505-Thomason-Cir_Arlington_TX_76006_M86928-89634,True,True
,1323.0,1500.0,,1.0,3.0,,1.0,2.0,apartment,1420 Marina Bay Dr,77565,TX,Kemah,https://ar.rdcpix.com/1fc6be5856753358552245d71538882ac-f4069619230od-w480_h360_x2.webp,https://ar.rdcpix.com/1fc6be5856753358552245d71538882ac-f1739985418od-w480_h360_x2.webp,1420-Marina-Bay-Dr_Kemah_TX_77565_M70558-89687,True,True
,1510.0,1925.0,,1.0,2.0,,1.0,2.5,apartment,2210 Marsh Ln,75006,TX,Carrollton,https://ar.rdcpix.com/7613bb9acb38712ff276890348fc55a0c-f1424280130od-w480_h360_x2.webp,https://ar.rdcpix.com/7613bb9acb38712ff276890348fc55a0c-f1861601082od-w480_h360_x2.webp,2210-Marsh-Ln_Carrollton_TX_75006_M89066-32559,True,True
,995.0,1755.0,,1.0,2.0,,1.0,2.5,apartment,1811 E Frankford Rd,75007,TX,Carrollton,https://ar.rdcpix.com/f30842d887383c14d747ddeea3877bbdc-f2760604451od-w480_h360_x2.webp,https://ar.rdcpix.com/f30842d887383c14d747ddeea3877bbdc-f1236998766od-w480_h360_x2.webp,1811-E-Frankford-Rd_Carrollton_TX_75007_M89727-42341,True,True
,1185.0,2295.0,,0.0,3.0,,1.0,2.5,apartment,1961 Arapaho Rd,75044,TX,Garland,https://ar.rdcpix.com/deb9fdb37fc629a678546d9a2dfe2d22c-f1779826504od-w480_h360_x2.webp,https://ar.rdcpix.com/deb9fdb37fc629a678546d9a2dfe2d22c-f632699525od-w480_h360_x2.webp,1961-Arapaho-Rd_Garland_TX_75044_M97250-87493,True,True
,1045.0,1645.0,,1.0,2.0,,1.0,2.0,apartment,5118 Broadway Blvd,75043,TX,Garland,https://ar.rdcpix.com/fd66993ff5868c83c93f154c7c2d90f3c-f2857890226od-w480_h360_x2.webp,https://ar.rdcpix.com/fd66993ff5868c83c93f154c7c2d90f3c-f4262788980od-w480_h360_x2.webp,5118-Broadway-Blvd_Garland_TX_75043_M77719-43583,True,True
,1500.0,2625.0,,1.0,3.0,,1.0,2.0,apartment,401 Boyd Dr,76051,TX,Grapevine,https://ar.rdcpix.com/bb03ef17cd361bd7bf499ab2aceb5040c-f1678213534od-w480_h360_x2.webp,https://ar.rdcpix.com/bb03ef17cd361bd7bf499ab2aceb5040c-f3725476255od-w480_h360_x2.webp,401-Boyd-Dr_Grapevine_TX_76051_M72357-22926,True,True
,1120.0,2710.0,,0.0,3.0,,1.0,2.0,apartment,305 River Fern Ave,75040,TX,Garland,https://ar.rdcpix.com/c1d23159643871725cdaafed4ac8b73cc-f712397753od-w480_h360_x2.webp,https://ar.rdcpix.com/c1d23159643871725cdaafed4ac8b73cc-f311803791od-w480_h360_x2.webp,305-River-Fern-Ave_Garland_TX_75040_M78202-67328,True,True
,800.0,1135.0,,0.0,2.0,,1.0,2.0,apartment,3601 Andrews Hwy,79703,TX,Midland,https://ar.rdcpix.com/fc4351af2934c4acb5c816a39ab4f89cc-f2077856436od-w480_h360_x2.webp,https://ar.rdcpix.com/fc4351af2934c4acb5c816a39ab4f89cc-f1400591368od-w480_h360_x2.webp,3601-Andrews-Hwy_Midland_TX_79703_M90110-01392,True,True
,1190.0,2220.0,,1.0,3.0,,1.0,2.0,apartment,5075 E 52nd St,79762,TX,Odessa,https://ar.rdcpix.com/3e65aa1ec8f6916658633379def1d5fbc-f1448013753od-w480_h360_x2.webp,https://ar.rdcpix.com/3e65aa1ec8f6916658633379def1d5fbc-f4272054142od-w480_h360_x2.webp,5075-E-52nd-St_Odessa_TX_79762_M77513-46001,True,True
,1370.0,2695.0,,1.0,4.0,,1.0,3.0,apartment,605 Winterfield Dr,78634,TX,Hutto,https://ar.rdcpix.com/3af63ada88ae8aaffeca71da15bde329c-f900617420od-w480_h360_x2.webp,https://ar.rdcpix.com/3af63ada88ae8aaffeca71da15bde329c-f374344916od-w480_h360_x2.webp,605-Winterfield-Dr_Hutto_TX_78634_M78854-02969,True,True
,1320.0,2131.0,,0.0,2.0,,1.0,2.0,apartment,18102 Talavera Rdg,78257,TX,San Antonio,https://ar.rdcpix.com/0096b646cdde6e70028711e5ba341e62c-f22601633od-w480_h360_x2.webp,https://ar.rdcpix.com/0096b646cdde6e70028711e5ba341e62c-f2754082893od-w480_h360_x2.webp,18102-Talavera-Rdg_San-Antonio_TX_78257_M76949-01549,True,True
,1483.0,2228.0,,1.0,3.0,,1.0,2.0,apartment,3702 Frankford Rd,75287,TX,Dallas,https://ar.rdcpix.com/6496f52e9a011d0606e0c35aae0c5fb6c-f4147175927od-w480_h360_x2.webp,https://ar.rdcpix.com/6496f52e9a011d0606e0c35aae0c5fb6c-f4014603804od-w480_h360_x2.webp,3702-Frankford-Rd_Dallas_TX_75287_M85897-26132,True,True
,1266.0,1721.0,,1.0,2.0,,1.0,2.0,apartment,2101 E,75150,TX,Mesquite,https://ar.rdcpix.com/a2ee63fe89f8b1f38f30e7f6297d44b1c-f3199251112od-w480_h360_x2.webp,https://ar.rdcpix.com/a2ee63fe89f8b1f38f30e7f6297d44b1c-f1940590733od-w480_h360_x2.webp,2101-E_Mesquite_TX_75150_M92701-39685,True,True
,1250.0,2265.0,,0.0,2.0,,1.0,2.5,apartment,2500 Summer Lee Dr,75032,TX,Rockwall,https://ar.rdcpix.com/4e4134b6cb1b4115c06f0e4b1ef5ff50c-f4044077172od-w480_h360_x2.webp,https://ar.rdcpix.com/4e4134b6cb1b4115c06f0e4b1ef5ff50c-f3707113570od-w480_h360_x2.webp,2500-Summer-Lee-Dr_Rockwall_TX_75032_M96282-82503,True,True
,1595.0,2785.0,,0.0,3.0,,1.0,2.0,apartment,935 Garden Park Dr,75013,TX,Allen,https://ar.rdcpix.com/8724f2a9d0ad55a50362de3f500f1a1ac-f1234639053od-w480_h360_x2.webp,https://ar.rdcpix.com/8724f2a9d0ad55a50362de3f500f1a1ac-f1473259283od-w480_h360_x2.webp,935-Garden-Park-Dr_Allen_TX_75013_M70812-40860,True,True
,1215.0,2230.0,,1.0,3.0,,1.0,2.5,apartment,600 Legacy Dr,75023,TX,Plano,https://ar.rdcpix.com/4786e372008affc30f0ecdc366ecbb72c-f2423748604od-w480_h360_x2.webp,https://ar.rdcpix.com/4786e372008affc30f0ecdc366ecbb72c-f1741384611od-w480_h360_x2.webp,600-Legacy-Dr_Plano_TX_75023_M88500-62858,True,True
,1325.0,2770.0,,0.0,3.0,,1.0,2.0,apartment,9355 John W Elliott Dr,75033,TX,Frisco,https://ar.rdcpix.com/98cad038a78b19730b25ecf0cf8e7c56c-f3503171174od-w480_h360_x2.webp,https://ar.rdcpix.com/98cad038a78b19730b25ecf0cf8e7c56c-f3882018625od-w480_h360_x2.webp,9355-John-W-Elliott-Dr_Frisco_TX_75034_M75285-39686,True,True
,810.0,1230.0,,1.0,2.0,,1.0,2.0,apartment,11300 Regency Green Dr,77429,TX,Cypress,https://ar.rdcpix.com/de13527fc04019b2af19d4d211b2f07dc-f3888304721od-w480_h360_x2.webp,https://ar.rdcpix.com/de13527fc04019b2af19d4d211b2f07dc-f3233594111od-w480_h360_x2.webp,11300-Regency-Green-Dr_Cypress_TX_77429_M74452-47432,True,True
,776.0,1553.0,,0.0,2.0,,1.0,2.0,apartment,2170 Thousand Oaks Dr,78232,TX,San Antonio,https://ar.rdcpix.com/f88ab371233edfe366412f46159d0d9dc-f1217481553od-w480_h360_x2.webp,https://ar.rdcpix.com/f88ab371233edfe366412f46159d0d9dc-f4048141284od-w480_h360_x2.webp,1000-Oaks_San-Antonio_TX_78247_M79893-82285,True,True
,890.0,1795.0,,0.0,2.0,,1.0,2.0,apartment,1045 15th Pl,75074,TX,Plano,https://ar.rdcpix.com/587c8d19763670f02e46b992c9f8eef0c-f77963696od-w480_h360_x2.webp,https://ar.rdcpix.com/587c8d19763670f02e46b992c9f8eef0c-f3918299231od-w480_h360_x2.webp,1045-15th-Pl_Plano_TX_75074_M93981-57311,True,True
,1610.0,2635.0,,1.0,2.0,,1.0,2.0,apartment,2001 Wittington Pl,75234,TX,Farmers Branch,https://ar.rdcpix.com/ec7fda2bf8fb44e354473449edf6fc15c-f3623674479od-w480_h360_x2.webp,https://ar.rdcpix.com/ec7fda2bf8fb44e354473449edf6fc15c-f2957076870od-w480_h360_x2.webp,2001-Wittington-Pl_Farmers-Branch_TX_75234_M95478-96994,True,True
,630.0,1170.0,,1.0,3.0,,1.0,2.0,apartment,2101 Hayes Rd,77077,TX,Houston,https://ar.rdcpix.com/270a89335724eb336fa10e28c3f93c99c-f3503760995od-w480_h360_x2.webp,https://ar.rdcpix.com/270a89335724eb336fa10e28c3f93c99c-f442326030od-w480_h360_x2.webp,2101-Hayes-Rd_Houston_TX_77077_M70000-01929,True,True
,890.0,1405.0,,1.0,2.0,,1.0,2.0,apartment,3727 Andrews Hwy,79762,TX,Odessa,https://ar.rdcpix.com/6270ac1bee9ce6bd7285a3eb1f662114c-f994765814od-w480_h360_x2.webp,https://ar.rdcpix.com/6270ac1bee9ce6bd7285a3eb1f662114c-f4153695322od-w480_h360_x2.webp,3727-Andrews-Hwy_Odessa_TX_79762_M77285-05861,True,True
,1302.0,2652.0,,1.0,2.0,,1.0,2.0,apartment,12635 Shadow Creek Pkwy,77584,TX,Pearland,https://ar.rdcpix.com/5409da26cfe38f0374ae7203cac20063c-f1148785457od-w480_h360_x2.webp,https://ar.rdcpix.com/5409da26cfe38f0374ae7203cac20063c-f4137005017od-w480_h360_x2.webp,12635-Shadow-Creek-Pkwy_Pearland_TX_77584_M94001-69399,True,True
,1238.0,1806.0,,1.0,2.0,,0.0,2.0,apartment,2305 Windsprint Way,76014,TX,Arlington,https://ar.rdcpix.com/dbe4bc935cf747fc2723e510d10c0cd5c-f2274980205od-w480_h360_x2.webp,https://ar.rdcpix.com/dbe4bc935cf747fc2723e510d10c0cd5c-f4070883345od-w480_h360_x2.webp,2305-Windsprint-Way_Arlington_TX_76014_M82616-35707,True,True
,1085.0,1495.0,,1.0,2.0,,1.0,2.0,apartment,3466 N Belt Line Rd,75062,TX,Irving,https://ar.rdcpix.com/33f9e1979b22a906fe03e0f91613b0acc-f3525499798od-w480_h360_x2.webp,https://ar.rdcpix.com/33f9e1979b22a906fe03e0f91613b0acc-f475046745od-w480_h360_x2.webp,3466-N-Belt-Line-Rd_Irving_TX_75062_M89380-47748,True,True
,1240.0,1760.0,,1.0,3.0,,1.5,4.0,apartment,3315 Godfrey St,79707,TX,Midland,https://ar.rdcpix.com/98125e8dcfb567de0ee7d9378081cad6c-f3218959776od-w480_h360_x2.webp,https://ar.rdcpix.com/98125e8dcfb567de0ee7d9378081cad6c-f3043079778od-w480_h360_x2.webp,3315-Godfrey-St_Midland_TX_79707_M82884-07693,True,True
,1490.0,3420.0,,0.0,3.0,,1.0,2.0,apartment,8900 Six Pines Dr,77380,TX,Shenandoah,https://ar.rdcpix.com/32b8dbf237e68f80acc4d09cb29dbfc6c-f2781820494od-w480_h360_x2.webp,https://ar.rdcpix.com/32b8dbf237e68f80acc4d09cb29dbfc6c-f2226949454od-w480_h360_x2.webp,8900-Six-Pines-Dr_Shenandoah_TX_77380_M94368-29707,True,True
,2599.0,2914.0,,3.0,4.0,,2.0,2.5,apartment,1108 Legacy Dr,78660,TX,Pflugerville,https://ar.rdcpix.com/ac38593b0948965cbaecbf4605d1a688c-f3981619243od-w480_h360_x2.webp,https://ar.rdcpix.com/ac38593b0948965cbaecbf4605d1a688c-f4283541485od-w480_h360_x2.webp,1108-Legacy-Dr_Pflugerville_TX_78660_M87388-23255,True,True
,1411.0,1815.0,,1.0,2.0,,1.0,2.0,apartment,9519 E Valley Ranch Pkwy,75063,TX,Irving,https://ar.rdcpix.com/4ed6530cc8e8144cad3ac767cb8f1308c-f4071984563od-w480_h360_x2.webp,https://ar.rdcpix.com/4ed6530cc8e8144cad3ac767cb8f1308c-f1180689258od-w480_h360_x2.webp,9519-Valley-Ranch-Pkwy-E_Irving_TX_75063_M75578-66761,True,True
,1416.0,2380.0,,1.0,2.0,,1.0,2.0,apartment,21901 Gosling Rd,77388,TX,Spring,https://ar.rdcpix.com/3494dfd7ba0aaeda6f61e7257e27f11cc-f3057454168od-w480_h360_x2.webp,https://ar.rdcpix.com/3494dfd7ba0aaeda6f61e7257e27f11cc-f1678826418od-w480_h360_x2.webp,21901-Gosling-Rd_Spring_TX_77388_M99001-56164,True,True
,930.0,1530.0,,1.0,2.0,,1.0,2.0,apartment,2308 Fair Oaks Dr,76011,TX,Arlington,https://ar.rdcpix.com/262fe1d2651aed6db6dffb0fb2859d73c-f398592217od-w480_h360_x2.webp,https://ar.rdcpix.com/262fe1d2651aed6db6dffb0fb2859d73c-f2696600868od-w480_h360_x2.webp,2308-Fair-Oaks-Dr_Arlington_TX_76011_M88279-94267,True,True
,980.0,1435.0,,1.0,3.0,,1.0,2.5,apartment,16222 Stuebner Airline Rd,77379,TX,Spring,https://ar.rdcpix.com/518dd12608614eafdfcb1ee118a6a9a3c-f1676707570od-w480_h360_x2.webp,https://ar.rdcpix.com/518dd12608614eafdfcb1ee118a6a9a3c-f3241554352od-w480_h360_x2.webp,16222-Stuebner-Airline-Rd_Spring_TX_77379_M89361-32756,True,True
,1028.0,1508.0,,0.0,2.0,,1.0,2.0,apartment,2250 Ridgepoint Dr,78754,TX,Austin,https://ar.rdcpix.com/8a0473571785e2a9192d75abb9319392c-f1230618031od-w480_h360_x2.webp,https://ar.rdcpix.com/8a0473571785e2a9192d75abb9319392c-f4131022251od-w480_h360_x2.webp,2250-Ridgepoint-Dr_Austin_TX_78754_M70813-87110,True,True
,1614.0,2306.0,,1.0,3.0,,1.0,2.0,apartment,701 Cowboys Pkwy,75063,TX,Irving,https://ar.rdcpix.com/86b30bd3ffafa68dc441bd9d31aa0dc5c-f1471559667od-w480_h360_x2.webp,https://ar.rdcpix.com/86b30bd3ffafa68dc441bd9d31aa0dc5c-f3438605443od-w480_h360_x2.webp,701-Cowboys-Pkwy_Irving_TX_75063_M87499-76871,True,True
,1550.0,4225.0,,1.0,3.0,,0.0,2.0,apartment,5995 Gordon St,75034,TX,Frisco,https://ar.rdcpix.com/23d04c7cc189e3a4cb43706a847c5d96c-f1113525348od-w480_h360_x2.webp,https://ar.rdcpix.com/23d04c7cc189e3a4cb43706a847c5d96c-f493719024od-w480_h360_x2.webp,5995-Gordon-St_Frisco_TX_75034_M91026-99923,True,True
,1655.0,2775.0,,1.0,2.0,,1.0,2.0,apartment,1350 FM 157,76063,TX,Mansfield,https://ar.rdcpix.com/dbcbd357557601c34afd54d5f0f3689ac-f2803792379od-w480_h360_x2.webp,https://ar.rdcpix.com/dbcbd357557601c34afd54d5f0f3689ac-f3314587537od-w480_h360_x2.webp,1350-FM-157_Mansfield_TX_76063_M95404-82080,False,False
,1155.0,1910.0,,1.0,2.0,,1.0,2.0,apartment,4809 N O Connor Rd,75062,TX,Irving,https://ar.rdcpix.com/1cd874046359fb467fc55e9e4baac42ec-f836640262od-w480_h360_x2.webp,https://ar.rdcpix.com/1cd874046359fb467fc55e9e4baac42ec-f1251165557od-w480_h360_x2.webp,4809-N-O-Connor-Rd_Irving_TX_75062_M70289-94008,True,True
,1409.0,2384.0,,1.0,3.0,,1.0,2.0,apartment,1010 S Heatherwilde Blvd,78660,TX,Pflugerville,https://ar.rdcpix.com/f86a494b5b4732b6316e68d415571b12c-f1971192765od-w480_h360_x2.webp,https://ar.rdcpix.com/f86a494b5b4732b6316e68d415571b12c-f2717980021od-w480_h360_x2.webp,1010-S-Heatherwilde-Blvd_Pflugerville_TX_78660_M90223-09892,True,True
,995.0,1260.0,,1.0,2.0,,1.0,2.0,apartment,4675 Oakwood Dr,79761,TX,Odessa,https://ar.rdcpix.com/39c6391f696664478d9da40c7a0ebe9dc-f214376154od-w480_h360_x2.webp,https://ar.rdcpix.com/39c6391f696664478d9da40c7a0ebe9dc-f3896351805od-w480_h360_x2.webp,4675-Oakwood-Dr_Odessa_TX_79761_M71444-82019,True,True
,1337.0,2235.0,,1.0,3.0,,1.0,2.0,apartment,17900 Pfluger Farm Ln,78660,TX,Pflugerville,https://ar.rdcpix.com/e7a1addb8666b12a7a5f1854591fa66ec-f2513606347od-w480_h360_x2.webp,https://ar.rdcpix.com/e7a1addb8666b12a7a5f1854591fa66ec-f1487899712od-w480_h360_x2.webp,17900-Pfluger-Farm-Ln_Pflugerville_TX_78660_M92432-65139,True,True
,985.0,1855.0,,1.0,2.0,,1.0,2.0,apartment,256 E Corporate Dr,75067,TX,Lewisville,https://ar.rdcpix.com/d26e5234e167405c39f6ef973e7c5c3ec-f1149488310od-w480_h360_x2.webp,https://ar.rdcpix.com/d26e5234e167405c39f6ef973e7c5c3ec-f3469126501od-w480_h360_x2.webp,256-E-Corporate-Dr_Lewisville_TX_75067_M81756-85372,True,True
,1565.0,2255.0,,0.0,2.0,,1.0,2.0,apartment,2425 Victory Ave,75219,TX,Dallas,https://ar.rdcpix.com/51a72d1435d02fdf6409df68819410e1c-f548696716od-w480_h360_x2.webp,https://ar.rdcpix.com/51a72d1435d02fdf6409df68819410e1c-f1098117884od-w480_h360_x2.webp,2425-Victory-Ave_Dallas_TX_75219_M79383-20607,True,True
,1110.0,2065.0,,1.0,3.0,,1.0,2.0,apartment,3653 Timberglen Rd,75287,TX,Dallas,https://ar.rdcpix.com/28c36690f47f7a1c2d9d2198856ba24bc-f165213386od-w480_h360_x2.webp,https://ar.rdcpix.com/28c36690f47f7a1c2d9d2198856ba24bc-f910212490od-w480_h360_x2.webp,3653-Timberglen-Rd_Dallas_TX_75287_M89654-00950,True,True
,1470.0,2454.0,,1.0,2.0,,1.0,2.0,apartment,1001 W 7th St,76102,TX,Fort Worth,https://ar.rdcpix.com/3439b5770b5c5812bc86a5024cb802b9c-f3154674799od-w480_h360_x2.webp,https://ar.rdcpix.com/3439b5770b5c5812bc86a5024cb802b9c-f3005427660od-w480_h360_x2.webp,1001-W-7th-St_Fort-Worth_TX_76102_M75652-82684,True,True
,1425.0,1550.0,,1.0,3.0,,1.0,2.0,apartment,8201 Dorado Dr,79765,TX,Odessa,https://ar.rdcpix.com/a6a79f54166a2d8e63da89a8ecc88dacc-f876052018od-w480_h360_x2.webp,https://ar.rdcpix.com/a6a79f54166a2d8e63da89a8ecc88dacc-f2148421286od-w480_h360_x2.webp,8201-Dorado-Dr_Odessa_TX_79765_M89504-00445,True,True
,965.0,1337.0,,1.0,2.0,,1.0,2.0,apartment,4301 Raleigh Ct,79707,TX,Midland,https://ar.rdcpix.com/5c1f374c8a512c15b14a2dcede06051cc-f1560616170od-w480_h360_x2.webp,https://ar.rdcpix.com/5c1f374c8a512c15b14a2dcede06051cc-f1233358708od-w480_h360_x2.webp,4301-Raleigh-Ct_Midland_TX_79707_M71427-30520,True,True
,1530.0,2670.0,,1.0,2.0,,1.0,2.0,apartment,4030 N Central Expy,75204,TX,Dallas,https://ar.rdcpix.com/010055b8cfe355df6df0aa25c5dde731c-f3040876581od-w480_h360_x2.webp,https://ar.rdcpix.com/010055b8cfe355df6df0aa25c5dde731c-f1727260068od-w480_h360_x2.webp,4030-N-Central-Expy_Dallas_TX_75204_M80220-16398,True,True
,1695.0,2390.0,,1.0,3.0,,1.0,2.5,apartment,6280 McNeil Dr,78729,TX,Austin,https://ar.rdcpix.com/91e4b15894decad2f9f1e8b4fc5d8c90c-f3983524778od-w480_h360_x2.webp,https://ar.rdcpix.com/91e4b15894decad2f9f1e8b4fc5d8c90c-f2532873009od-w480_h360_x2.webp,6280-McNeil-Dr_Austin_TX_78729_M70495-61995,True,True
,1375.0,1880.0,,1.0,3.0,,1.0,2.0,apartment,7101 Virginia Pkwy,75071,TX,McKinney,https://ar.rdcpix.com/98ddfc2eb0c89e89a2f14c7e678e18c6c-f1910508018od-w480_h360_x2.webp,https://ar.rdcpix.com/98ddfc2eb0c89e89a2f14c7e678e18c6c-f3078560951od-w480_h360_x2.webp,7101-Virginia-Pkwy_MC-Kinney_TX_75071_M88511-80836,True,True
,1975.0,2999.0,,1.0,2.0,,1.5,2.5,apartment,9850 Westover Hills Blvd,78251,TX,San Antonio,https://ar.rdcpix.com/e0472cad1886f0f8fba2645aff311946c-f3759056712od-w480_h360_x2.webp,https://ar.rdcpix.com/e0472cad1886f0f8fba2645aff311946c-f2192018440od-w480_h360_x2.webp,9850-Westover-Hills-Blvd_San-Antonio_TX_78251_M87955-97720,True,True
,1475.0,3195.0,,0.0,2.0,,1.0,2.0,apartment,1945 Bennett Ave,75206,TX,Dallas,https://ar.rdcpix.com/d95c8d907b22aa1492fdc68761b195d6c-f2704534838od-w480_h360_x2.webp,https://ar.rdcpix.com/d95c8d907b22aa1492fdc68761b195d6c-f3517198725od-w480_h360_x2.webp,1945-Bennett-Ave_Dallas_TX_75206_M99325-75810,True,True
,835.0,1375.0,,1.0,2.0,,1.0,2.0,apartment,2701 W Bellfort Ave,77054,TX,Houston,https://ar.rdcpix.com/ed5421d98bb5b40558e5352baf8f3cadc-f449928768od-w480_h360_x2.webp,https://ar.rdcpix.com/ed5421d98bb5b40558e5352baf8f3cadc-f3849457897od-w480_h360_x2.webp,2701-W-Bellfort-Ave-Apt-276_Houston_TX_77054_M75690-14597,True,True
,1250.0,2190.0,,1.0,3.0,,1.0,2.0,apartment,4001 Faudree Rd,79765,TX,Odessa,https://ar.rdcpix.com/854c4efc1f96276f75a1f4f751ddb34bc-f759701867od-w480_h360_x2.webp,https://ar.rdcpix.com/854c4efc1f96276f75a1f4f751ddb34bc-f3383083363od-w480_h360_x2.webp,4001-Faudree-Rd_Odessa_TX_79765_M72805-02190,True,True
,1640.0,2440.0,,1.0,2.0,,1.0,2.0,apartment,3636 McKinney Ave Ste 108,75204,TX,Dallas,https://ar.rdcpix.com/aac3b08fa501f2d88c4f573d779a316dc-f2428711330od-w480_h360_x2.webp,https://ar.rdcpix.com/aac3b08fa501f2d88c4f573d779a316dc-f3673114771od-w480_h360_x2.webp,3636-McKinney-Ave-Ste-108_Dallas_TX_75204_M90244-73969,True,True
,1350.0,2160.0,,1.0,3.0,,1.0,2.0,apartment,200 Philomena Dr,78640,TX,Kyle,https://ar.rdcpix.com/23a10e7cbca34dbd7543d315977ee4c5c-f956780887od-w480_h360_x2.webp,https://ar.rdcpix.com/23a10e7cbca34dbd7543d315977ee4c5c-f3912203994od-w480_h360_x2.webp,200-Goforth-Rd_Kyle_TX_78640_M86239-31682,True,True
,2030.0,4415.0,,0.0,3.0,,1.0,3.0,apartment,51 Rainey St,78701,TX,Austin,https://ar.rdcpix.com/0d9344f44c0bad15a9098750e794b684c-f192660029od-w480_h360_x2.webp,https://ar.rdcpix.com/0d9344f44c0bad15a9098750e794b684c-f2846487130od-w480_h360_x2.webp,51-Rainey-St_Austin_TX_78701_M93540-77575,True,True
,1285.0,2430.0,,0.0,2.0,,1.0,2.0,apartment,2031 Westcreek Ln,77027,TX,Houston,https://ar.rdcpix.com/e2b7d8e3493ad5776dd3d2e6ef968212c-f3485430974od-w480_h360_x2.webp,https://ar.rdcpix.com/e2b7d8e3493ad5776dd3d2e6ef968212c-f2339579905od-w480_h360_x2.webp,2031-Westcreek-Ln_Houston_TX_77027_M70292-91401,True,True
,1580.0,1580.0,,1.0,2.0,,1.0,2.5,apartment,2220 E 52nd St,79762,TX,Odessa,https://ar.rdcpix.com/a5e2d38b4035aaaf4ee4a87b7afaab84c-f1554783468od-w480_h360_x2.webp,https://ar.rdcpix.com/a5e2d38b4035aaaf4ee4a87b7afaab84c-f3663195110od-w480_h360_x2.webp,2220-E-52nd-St_Odessa_TX_79762_M71450-03742,True,True
,1136.0,2500.0,,1.0,3.0,,1.0,2.0,apartment,6200 N Shiloh Rd,75044,TX,Garland,https://ar.rdcpix.com/a687a33da55b916042531e8e67e91e2ec-f3586097460od-w480_h360_x2.webp,https://ar.rdcpix.com/a687a33da55b916042531e8e67e91e2ec-f3024476265od-w480_h360_x2.webp,6200-N-Shiloh-Rd_Garland_TX_75044_M70054-79199,True,True
,1274.0,1563.0,,1.0,2.0,,1.0,2.0,apartment,2105 Cottonwood Club Dr,76010,TX,Arlington,https://ar.rdcpix.com/902547a00b818418ca07176a738db4fdc-f3524895940od-w480_h360_x2.webp,https://ar.rdcpix.com/902547a00b818418ca07176a738db4fdc-f2408825703od-w480_h360_x2.webp,2105-Cottonwood-Club-Rd_Arlington_TX_76010_M74665-29831,True,True
,778.0,1475.0,,1.0,3.0,,1.0,2.0,apartment,16460 TX 3,77598,TX,Webster,https://ar.rdcpix.com/8736e39eb565c7a9f7548524eb0bb357c-f2399798461od-w480_h360_x2.webp,https://ar.rdcpix.com/8736e39eb565c7a9f7548524eb0bb357c-f1069073132od-w480_h360_x2.webp,16460-TX-3_Webster_TX_77598_M90546-91205,True,True
,1460.0,2304.0,,1.0,2.0,,1.0,2.5,apartment,680 Executive Dr,75074,TX,Plano,https://ar.rdcpix.com/73b224097a519654f96fa96a88b5eef9c-f717762475od-w480_h360_x2.webp,https://ar.rdcpix.com/73b224097a519654f96fa96a88b5eef9c-f4026109184od-w480_h360_x2.webp,680-Executive-Dr_Plano_TX_75074_M71172-61403,True,True
,1447.0,2300.0,,1.0,3.0,,1.0,2.0,apartment,350 Continental Dr,75067,TX,Lewisville,https://ar.rdcpix.com/0856f6229b02ff2a4ff5cddc53de4e02c-f2342905661od-w480_h360_x2.webp,https://ar.rdcpix.com/0856f6229b02ff2a4ff5cddc53de4e02c-f3929919058od-w480_h360_x2.webp,350-Continental-Dr_Lewisville_TX_75067_M89655-50014,True,True
,1225.0,1720.0,,1.0,2.0,,1.0,2.0,apartment,4013 W Northgate Dr,75062,TX,Irving,https://ar.rdcpix.com/8892632d4e6b246eaf9460e5236285fac-f2731286154od-w480_h360_x2.webp,https://ar.rdcpix.com/8892632d4e6b246eaf9460e5236285fac-f2231809896od-w480_h360_x2.webp,4013-W-Northgate-Dr_Irving_TX_75062_M86696-10985,True,True
,926.0,1646.0,,1.0,3.0,,1.0,2.0,apartment,3417 N Midland Dr,79707,TX,Midland,https://ar.rdcpix.com/9440d002cbb4c0d8d900252f8f8e1304c-f3629907609od-w480_h360_x2.webp,https://ar.rdcpix.com/9440d002cbb4c0d8d900252f8f8e1304c-f4173032223od-w480_h360_x2.webp,3417-N-Midland-Dr_Midland_TX_79707_M71424-69658,True,True
,1175.0,1830.0,,1.0,3.0,,1.0,2.0,apartment,3800 Portland St,75038,TX,Irving,https://ar.rdcpix.com/9f00e5b6abb98cf0846ea9fca419dce6c-f3529531501od-w480_h360_x2.webp,https://ar.rdcpix.com/9f00e5b6abb98cf0846ea9fca419dce6c-f3468022639od-w480_h360_x2.webp,3800-Portland-St_Irving_TX_75038_M83605-05432,True,True
,1330.0,2355.0,,1.0,3.0,,1.0,2.0,apartment,9400 W Parmer Ln,78717,TX,Austin,https://ar.rdcpix.com/4bf4f581ece286a4645cc3c9c991a435c-f927725001od-w480_h360_x2.webp,https://ar.rdcpix.com/4bf4f581ece286a4645cc3c9c991a435c-f3218292389od-w480_h360_x2.webp,9400-W-Parmer-Ln_Austin_TX_78717_M87176-60604,True,True
,1380.0,2585.0,,1.0,3.0,,1.0,2.0,apartment,8600 Brodie Ln,78745,TX,Austin,https://ar.rdcpix.com/7c6284de99614256ef3b9c8a3289187fc-f3472982359od-w480_h360_x2.webp,https://ar.rdcpix.com/7c6284de99614256ef3b9c8a3289187fc-f1552945938od-w480_h360_x2.webp,8600-Brodie-Ln_Austin_TX_78745_M70324-71449,True,True
,1362.0,2335.0,,1.0,3.0,,1.0,2.0,apartment,1703 Evans Rd,78258,TX,San Antonio,https://ar.rdcpix.com/eac4384ed478c35a726a0287f29707ecc-f3899194911od-w480_h360_x2.webp,https://ar.rdcpix.com/eac4384ed478c35a726a0287f29707ecc-f2922583001od-w480_h360_x2.webp,1703-Evans-Rd_San-Antonio_TX_78258_M94174-18713,True,True
,2270.0,4999.0,,0.0,2.0,,1.0,2.0,apartment,111 Centre Ave,10801,NY,New Rochelle,https://ar.rdcpix.com/abcd30164158879143f406042a07d287c-f1057150819od-w480_h360_x2.webp,https://ar.rdcpix.com/abcd30164158879143f406042a07d287c-f3023520389od-w480_h360_x2.webp,111-Centre-Ave_New-Rochelle_NY_10801_M97916-02481,True,True
,3206.0,3458.0,,2.0,3.0,,2.0,2.0,apartment,6142 Merlot Dr,12528,NY,Highland,https://ar.rdcpix.com/4970981c2d9c6c39cc15c0d23a26b660c-f1193431333od-w480_h360_x2.webp,https://ar.rdcpix.com/4970981c2d9c6c39cc15c0d23a26b660c-f881122226od-w480_h360_x2.webp,6142-Merlot-Dr_Highland_NY_12528_M93176-05833,True,True
,2295.0,2295.0,,0.0,2.0,,1.0,2.0,apartment,40 Barker Ave,10601,NY,White Plains,https://ar.rdcpix.com/fa7d36b1e745984a6597c44978c560f4c-f3733008487od-w480_h360_x2.webp,https://ar.rdcpix.com/fa7d36b1e745984a6597c44978c560f4c-f2829804341od-w480_h360_x2.webp,40-Barker-Ave-40_White-Plains_NY_10601_M93705-75686,False,False
1950.0,,,3.0,,,1.0,,,apartment,1 Gary Ave,13413,NY,New Hartford,https://ap.rdcpix.com/be06b48eef2ac05dbb7e54cb3f1531d4l-m50753970od-w480_h360_x2.webp,https://ap.rdcpix.com/be06b48eef2ac05dbb7e54cb3f1531d4l-m3879360460od-w480_h360_x2.webp,1-Gary-Ave_New-Hartford_NY_13413_M40999-54924,,
2600.0,,,3.0,,,111.0,,,apartment,4017 8th Ave,11232,NY,New York,https://ap.rdcpix.com/1699437b420e6f0412fb87097828510fl-m2680895269od-w480_h360_x2.webp,https://ap.rdcpix.com/1699437b420e6f0412fb87097828510fl-m3962485231od-w480_h360_x2.webp,4017-8th-Ave_Brooklyn_NY_11232_M93040-21767,False,False
,2270.0,4999.0,,0.0,2.0,,1.0,2.0,apartment,111 Centre Ave,10801,NY,New Rochelle,https://ar.rdcpix.com/abcd30164158879143f406042a07d287c-f1057150819od-w480_h360_x2.webp,https://ar.rdcpix.com/abcd30164158879143f406042a07d287c-f3023520389od-w480_h360_x2.webp,111-Centre-Ave_New-Rochelle_NY_10801_M97916-02481,True,True
,3206.0,3458.0,,2.0,3.0,,2.0,2.0,apartment,6142 Merlot Dr,12528,NY,Highland,https://ar.rdcpix.com/4970981c2d9c6c39cc15c0d23a26b660c-f1193431333od-w480_h360_x2.webp,https://ar.rdcpix.com/4970981c2d9c6c39cc15c0d23a26b660c-f881122226od-w480_h360_x2.webp,6142-Merlot-Dr_Highland_NY_12528_M93176-05833,True,True
,2295.0,2295.0,,0.0,2.0,,1.0,2.0,apartment,40 Barker Ave,10601,NY,White Plains,https://ar.rdcpix.com/fa7d36b1e745984a6597c44978c560f4c-f3733008487od-w480_h360_x2.webp,https://ar.rdcpix.com/fa7d36b1e745984a6597c44978c560f4c-f2829804341od-w480_h360_x2.webp,40-Barker-Ave-40_White-Plains_NY_10601_M93705-75686,False,False
1950.0,,,3.0,,,1.0,,,apartment,1 Gary Ave,13413,NY,New Hartford,https://ap.rdcpix.com/be06b48eef2ac05dbb7e54cb3f1531d4l-m50753970od-w480_h360_x2.webp,https://ap.rdcpix.com/be06b48eef2ac05dbb7e54cb3f1531d4l-m3879360460od-w480_h360_x2.webp,1-Gary-Ave_New-Hartford_NY_13413_M40999-54924,,
2600.0,,,3.0,,,111.0,,,apartment,4017 8th Ave,11232,NY,New York,https://ap.rdcpix.com/1699437b420e6f0412fb87097828510fl-m2680895269od-w480_h360_x2.webp,https://ap.rdcpix.com/1699437b420e6f0412fb87097828510fl-m3962485231od-w480_h360_x2.webp,4017-8th-Ave_Brooklyn_NY_11232_M93040-21767,False,False
,1590.0,3230.0,,0.0,3.0,,1.0,3.0,apartment,10215 Crescent Meadow Blvd,80134,CO,Parker,https://ar.rdcpix.com/b45ab54333543dd1b9502074d591d370c-f2786746004od-w480_h360_x2.webp,https://ar.rdcpix.com/b45ab54333543dd1b9502074d591d370c-f184370097od-w480_h360_x2.webp,10215-Crescent-Meadow-Blvd_Parker_CO_80134_M16735-11234,True,True
,1640.0,2850.0,,0.0,3.0,,1.0,2.5,apartment,23680 E Easter Dr,80016,CO,Aurora,https://ar.rdcpix.com/83a31adcba85c889e2f9a2dd7b4d5606c-f229907454od-w480_h360_x2.webp,https://ar.rdcpix.com/83a31adcba85c889e2f9a2dd7b4d5606c-f716472439od-w480_h360_x2.webp,23680-E-Easter-Dr_Aurora_CO_80016_M22204-28716,True,True
,1590.0,2315.0,,0.0,3.0,,1.0,3.5,apartment,1363 N Victor St,80011,CO,Aurora,https://ar.rdcpix.com/f60c4664828cd33cb190a08c5c84b616c-f574629710od-w480_h360_x2.webp,https://ar.rdcpix.com/f60c4664828cd33cb190a08c5c84b616c-f610689088od-w480_h360_x2.webp,1363-N-Victor-St_Aurora_CO_80011_M98568-89321,True,True
2130.0,,,0.0,,,1.0,,,apartment,7110 W Virginia Ave Apt A201,80226,CO,Lakewood,https://ap.rdcpix.com/89c4eaf7c85958fc99c6aaaae72cc6d2l-m3503224020od-w480_h360_x2.webp,https://ap.rdcpix.com/89c4eaf7c85958fc99c6aaaae72cc6d2l-m1487215678od-w480_h360_x2.webp,7110-W-Virginia-Ave-Apt-A201_Lakewood_CO_80226_M94442-11996,True,True
2238.0,,,0.0,,,1.0,,,apartment,7110 W Virginia Ave Apt A413,80226,CO,Lakewood,https://ap.rdcpix.com/0d8a66725566887a99c9131a7635e1bbl-m3503224020od-w480_h360_x2.webp,https://ap.rdcpix.com/0d8a66725566887a99c9131a7635e1bbl-m1487215678od-w480_h360_x2.webp,7110-W-Virginia-Ave-Apt-A413_Lakewood_CO_80226_M91755-68177,True,True
,3020.0,3335.0,,3.0,5.0,,2.0,3.0,apartment,4350 Rangeview Cir,80504,CO,Firestone,https://ar.rdcpix.com/26348218fb6568f885df1e8d14be8983c-f2440119240od-w480_h360_x2.webp,https://ar.rdcpix.com/26348218fb6568f885df1e8d14be8983c-f2290766027od-w480_h360_x2.webp,4350-Rangeview-Cir_Firestone_CO_80504_M97942-28637,True,True
,1812.0,3553.0,,0.0,3.0,,1.0,2.5,apartment,5340 Gunbarrel Center Ct,80301,CO,Boulder,https://ar.rdcpix.com/42f904d031a5450f6d4d072d910db713c-f2092475660od-w480_h360_x2.webp,https://ar.rdcpix.com/42f904d031a5450f6d4d072d910db713c-f3023481od-w480_h360_x2.webp,5340-Gunbarrel-Center-Ct_Boulder_CO_80301_M16417-97581,True,True
,1926.0,2686.0,,1.0,3.0,,1.0,2.0,apartment,8555 Belle Dr,80129,CO,Highlands Ranch,https://ar.rdcpix.com/813b8c7bea0975c3986692e85204d274c-f1061036924od-w480_h360_x2.webp,https://ar.rdcpix.com/813b8c7bea0975c3986692e85204d274c-f3151993176od-w480_h360_x2.webp,8555-Belle-Dr_Highlands-Ranch_CO_80129_M29870-48916,True,True
,1673.0,2570.0,,1.0,3.0,,0.0,2.0,apartment,11775 Wadsworth Blvd,80020,CO,Broomfield,https://ar.rdcpix.com/a16e3de403b904af40da015f807bace4c-f200379956od-w480_h360_x2.webp,https://ar.rdcpix.com/a16e3de403b904af40da015f807bace4c-f2839345759od-w480_h360_x2.webp,11775-Wadsworth-Blvd_Broomfield_CO_80020_M27387-17296,True,True
,1477.0,2318.0,,0.0,2.0,,1.0,2.0,apartment,158 Inverness Dr W,80112,CO,Englewood,https://ar.rdcpix.com/0764b790eb00c4cdea2ddcd3b6613510c-f3793389517od-w480_h360_x2.webp,https://ar.rdcpix.com/0764b790eb00c4cdea2ddcd3b6613510c-f2475081117od-w480_h360_x2.webp,158-Inverness-Dr-W_Englewood_CO_80112_M14057-19761,True,True
,1492.0,1978.0,,1.0,3.0,,1.0,2.0,apartment,90 Miller Ave,80601,CO,Brighton,https://ar.rdcpix.com/8953470894b86fa2fc685613a1139527c-f1756844979od-w480_h360_x2.webp,https://ar.rdcpix.com/8953470894b86fa2fc685613a1139527c-f2403554330od-w480_h360_x2.webp,90-Miller-Ave_Brighton_CO_80601_M15284-39478,True,True
,1413.0,2378.0,,0.0,2.0,,1.0,2.0,apartment,4101 S Navajo St,80110,CO,Englewood,https://ar.rdcpix.com/09124e911d3eb9239d22213d9c5fe84ac-f2396227676od-w480_h360_x2.webp,https://ar.rdcpix.com/09124e911d3eb9239d22213d9c5fe84ac-f197799894od-w480_h360_x2.webp,1366-W-Oxford-Ave_Englewood_CO_80110_M14841-95875,True,True
,1348.0,1529.0,,0.0,2.0,,1.0,1.0,apartment,1140 S Bellaire St,80246,CO,Denver,https://ar.rdcpix.com/ecf502c67a4360e2c432e8c3163f1495c-f3447369255od-w480_h360_x2.webp,https://ar.rdcpix.com/ecf502c67a4360e2c432e8c3163f1495c-f4245019585od-w480_h360_x2.webp,1140-S-Bellaire-St_Denver_CO_80246_M16296-01715,True,True
,1524.0,1703.0,,1.0,3.0,,1.0,2.0,apartment,10754 Belle Creek Blvd Unit 108,80640,CO,Henderson,https://ar.rdcpix.com/3637378bca6b4c64c2d7032f834fb33ec-f2380608491od-w480_h360_x2.webp,https://ar.rdcpix.com/3637378bca6b4c64c2d7032f834fb33ec-f1489639844od-w480_h360_x2.webp,10754-Belle-Creek-Blvd-Unit-108_Commerce-City_CO_80640_M99082-49212,True,True
,1430.0,2430.0,,0.0,3.0,,1.0,2.0,apartment,3351 E 120th Ave,80233,CO,Thornton,https://ar.rdcpix.com/2b85b1aa9d8be7ef67fcf9045dd07ec3c-f1517355567od-w480_h360_x2.webp,https://ar.rdcpix.com/2b85b1aa9d8be7ef67fcf9045dd07ec3c-f1177835631od-w480_h360_x2.webp,3351-E-120th-Ave_Thornton_CO_80233_M25235-01956,True,True
,1195.0,1856.0,,0.0,2.0,,1.0,2.0,apartment,4805 E Kentucky Ave,80246,CO,Denver,https://ar.rdcpix.com/a1a53750ca3f67b99fae277d1a610317c-f2313172998od-w480_h360_x2.webp,https://ar.rdcpix.com/a1a53750ca3f67b99fae277d1a610317c-f4045330266od-w480_h360_x2.webp,4805-E-Kentucky-Ave_Denver_CO_80246_M15969-97896,True,True
,1561.0,2499.0,,1.0,3.0,,1.0,2.0,apartment,7550 S Blackhawk St,80112,CO,Englewood,https://ar.rdcpix.com/4b0588f91d0eb09b54e049b1c4a65f18c-f1214560215od-w480_h360_x2.webp,https://ar.rdcpix.com/4b0588f91d0eb09b54e049b1c4a65f18c-f1284502352od-w480_h360_x2.webp,7550-S-Blackhawk-St_Englewood_CO_80112_M22537-75587,True,True
,1808.0,2646.0,,0.0,2.0,,1.0,2.0,apartment,7333 W 38th Ave,80033,CO,Wheat Ridge,https://ar.rdcpix.com/30f636c12cd7259b9f00366f9d52c2e7c-f3210308939od-w480_h360_x2.webp,https://ar.rdcpix.com/30f636c12cd7259b9f00366f9d52c2e7c-f532465570od-w480_h360_x2.webp,7333-W-38th-Ave_Wheat-Ridge_CO_80033_M90552-24718,True,True
,2340.0,2541.0,,2.0,2.0,,2.0,2.0,apartment,1284 N Downing St,80218,CO,Denver,https://ar.rdcpix.com/152732ee47be855b119fb843e9c0aecbc-f34482196od-w480_h360_x2.webp,https://ar.rdcpix.com/152732ee47be855b119fb843e9c0aecbc-f774160986od-w480_h360_x2.webp,1284-N-Downing-St_Denver_CO_80218_M20965-49232,True,True
,1547.0,2057.0,,0.0,3.0,,1.0,2.0,apartment,1203 Affirmed Vw,80921,CO,Colorado Springs,https://ar.rdcpix.com/c1826c6050b13f5c3eaf403ff7e1b1b4c-f4127260536od-w480_h360_x2.webp,https://ar.rdcpix.com/c1826c6050b13f5c3eaf403ff7e1b1b4c-f1417601405od-w480_h360_x2.webp,1203-Affirmed-Vw_Colorado-Springs_CO_80921_M95302-65208,True,True
,1268.0,1835.0,,0.0,2.0,,1.0,1.5,apartment,1017 S Birch St,80246,CO,Glendale,https://ar.rdcpix.com/fe1d4a7e69199d52abb16b067affc2fac-f3194955387od-w480_h360_x2.webp,https://ar.rdcpix.com/fe1d4a7e69199d52abb16b067affc2fac-f1262331415od-w480_h360_x2.webp,1017-S-Birch-St_Denver_CO_80246_M23884-91970,True,True
,1765.0,2470.0,,0.0,2.0,,1.0,2.0,apartment,150 W 9th Ave,80204,CO,Denver,https://ar.rdcpix.com/25224c4002aa6a5965b6c979e77a77d9c-f1998384698od-w480_h360_x2.webp,https://ar.rdcpix.com/25224c4002aa6a5965b6c979e77a77d9c-f1231937889od-w480_h360_x2.webp,150-W-9th-Ave_Denver_CO_80204_M24660-27446,True,True
,1533.0,1937.0,,1.0,3.0,,1.0,2.0,apartment,3281 Divine Hts,80922,CO,Colorado Springs,https://ar.rdcpix.com/ac998e64d08753a007a25e0199b3fa08c-f3702883156od-w480_h360_x2.webp,https://ar.rdcpix.com/ac998e64d08753a007a25e0199b3fa08c-f1962550429od-w480_h360_x2.webp,3281-Divine-Hts_Colorado-Springs_CO_80922_M98466-49731,True,True
,1699.0,2340.0,,1.0,3.0,,1.0,2.0,apartment,9959 E Peakview Ave,80111,CO,Englewood,https://ar.rdcpix.com/1ed99569ed35ac399c6d673e4b5e37aac-f940574815od-w480_h360_x2.webp,https://ar.rdcpix.com/1ed99569ed35ac399c6d673e4b5e37aac-f4232720382od-w480_h360_x2.webp,9959-E-Peakview-Ave_Englewood_CO_80111_M16094-84707,True,True
,1130.0,2330.0,,0.0,3.0,,1.0,2.0,apartment,1190 S Bellaire St,80246,CO,Denver,https://ar.rdcpix.com/367f73085e4fc8df973e9e5f48af704ac-f3959314627od-w480_h360_x2.webp,https://ar.rdcpix.com/367f73085e4fc8df973e9e5f48af704ac-f3917707615od-w480_h360_x2.webp,1190-S-Bellaire-St_Denver_CO_80246_M12909-31978,True,True
,2082.0,4540.0,,0.0,2.0,,1.0,2.0,apartment,2555 16th St,80211,CO,Denver,https://ar.rdcpix.com/ac6277c60f85c61a599a8f781cb2eeb3c-f1475923871od-w480_h360_x2.webp,https://ar.rdcpix.com/ac6277c60f85c61a599a8f781cb2eeb3c-f1740018308od-w480_h360_x2.webp,2555-16th-St_Denver_CO_80211_M13777-80025,True,True
,1327.0,1927.0,,0.0,2.0,,1.0,2.0,apartment,878 S Dexter St,80246,CO,Denver,https://ar.rdcpix.com/33a18a3664c21ffe2cc8241c6c7e02e8c-f3094798051od-w480_h360_x2.webp,https://ar.rdcpix.com/33a18a3664c21ffe2cc8241c6c7e02e8c-f2951379065od-w480_h360_x2.webp,878-S-Dexter-St_Denver_CO_80246_M18058-38958,True,True
,2200.0,2230.0,,0.0,2.0,,1.0,2.0,apartment,3860 Tennyson St,80212,CO,Denver,https://ar.rdcpix.com/c3dcf6e5b0d5a9aab1128a6ff8f5e70ec-f31399100od-w480_h360_x2.webp,https://ar.rdcpix.com/c3dcf6e5b0d5a9aab1128a6ff8f5e70ec-f3880232482od-w480_h360_x2.webp,3860-Tennyson-St_Denver_CO_80212_M18979-77121,True,True
,1070.0,1167.0,,0.0,0.0,,1.0,1.0,apartment,1170 N Logan St,80203,CO,Denver,https://ar.rdcpix.com/41122b379587a04261a9e55fc1f94089c-f1253534024od-w480_h360_x2.webp,https://ar.rdcpix.com/41122b379587a04261a9e55fc1f94089c-f1338714401od-w480_h360_x2.webp,1170-Logan-St_Denver_CO_80203_M10767-87871,True,True
,1095.0,1227.0,,0.0,0.0,,1.0,1.0,apartment,1355 N Pearl St,80203,CO,Denver,https://ar.rdcpix.com/c5b832fd616c99c378c499eb77b3522ac-f3325658128od-w480_h360_x2.webp,https://ar.rdcpix.com/c5b832fd616c99c378c499eb77b3522ac-f445507459od-w480_h360_x2.webp,1355-Pearl-St_Denver_CO_80203_M11983-68727,True,True
,1474.0,2543.0,,1.0,3.0,,1.0,2.0,apartment,4701 Strauss Cabin Rd,80528,CO,Fort Collins,https://ar.rdcpix.com/ce2a6501fa63f6fea4bb545281c2a7c4c-f292540814od-w480_h360_x2.webp,https://ar.rdcpix.com/ce2a6501fa63f6fea4bb545281c2a7c4c-f3914206855od-w480_h360_x2.webp,4701-Strauss-Cabin-Rd_Fort-Collins_CO_80528_M22682-87507,True,True
,1751.0,2655.0,,1.0,3.0,,1.0,2.0,apartment,12621 Zuni St,80020,CO,Broomfield,https://ar.rdcpix.com/2a75fd8d9d77e3bd523059eef8c3bed0c-f1166158820od-w480_h360_x2.webp,https://ar.rdcpix.com/2a75fd8d9d77e3bd523059eef8c3bed0c-f138752681od-w480_h360_x2.webp,12621-Zuni-St_Broomfield_CO_80020_M28659-14031,True,True
,1750.0,2000.0,,1.0,2.0,,1.0,2.0,apartment,201 Englewood Pkwy,80110,CO,Englewood,https://ar.rdcpix.com/677cd5ab2d8a7b92eed5c7478e27492ac-f767660876od-w480_h360_x2.webp,https://ar.rdcpix.com/677cd5ab2d8a7b92eed5c7478e27492ac-f1105457359od-w480_h360_x2.webp,201-Englewood-Pkwy_Englewood_CO_80110_M94127-21531,True,True
,1394.0,1924.0,,1.0,2.0,,1.0,2.0,apartment,12150 Race St,80241,CO,Northglenn,https://ar.rdcpix.com/503bb5a89e36adbd0dccf257cf81cc86c-f175405138od-w480_h360_x2.webp,https://ar.rdcpix.com/503bb5a89e36adbd0dccf257cf81cc86c-f3760888760od-w480_h360_x2.webp,12150-Race-St_Northglenn_CO_80241_M92614-78858,True,True
,1750.0,2315.0,,1.0,2.0,,1.0,2.0,apartment,675 E Louisiana Ave,80210,CO,Denver,https://ar.rdcpix.com/8e5179b738166f6899088cac23e6e6edc-f1532338182od-w480_h360_x2.webp,https://ar.rdcpix.com/8e5179b738166f6899088cac23e6e6edc-f2952200326od-w480_h360_x2.webp,675-E-Louisiana-Ave_Denver_CO_80210_M23321-89642,True,True
,1295.0,1690.0,,0.0,2.0,,1.0,2.0,apartment,2530 Paragon Dr,80918,CO,Colorado Springs,https://ar.rdcpix.com/fc8415a05eb693e94474aaba4178fca5c-f2086621606od-w480_h360_x2.webp,https://ar.rdcpix.com/fc8415a05eb693e94474aaba4178fca5c-f1981206501od-w480_h360_x2.webp,2530-Paragon-Dr_Colorado-Springs_CO_80918_M17659-67062,True,True
,1244.0,1309.0,,1.0,1.0,,1.0,1.0,apartment,1444 Saint Paul St,80206,CO,Denver,https://ar.rdcpix.com/e38c847b1bb03d47d3058112d8ac8521c-f1714708396od-w480_h360_x2.webp,https://ar.rdcpix.com/e38c847b1bb03d47d3058112d8ac8521c-f3985209511od-w480_h360_x2.webp,1444-Saint-Paul-St_Denver_CO_80206_M16811-84381,True,True
,1575.0,2118.0,,1.0,3.0,,1.0,2.0,apartment,4600 E Kentucky Ave,80246,CO,Denver,https://ar.rdcpix.com/e95921105f35357d639043956605efa1c-f1426928546od-w480_h360_x2.webp,https://ar.rdcpix.com/e95921105f35357d639043956605efa1c-f2821755402od-w480_h360_x2.webp,4600-E-Kentucky-Ave_Denver_CO_80246_M18059-88022,True,True
,1438.0,2016.0,,1.0,3.0,,1.0,2.0,apartment,1050 Milano Pt,80921,CO,Colorado Springs,https://ar.rdcpix.com/fffb3fcc8cd4b72ae71237e036f71f9ac-f3469340855od-w480_h360_x2.webp,https://ar.rdcpix.com/fffb3fcc8cd4b72ae71237e036f71f9ac-f116974768od-w480_h360_x2.webp,1050-Milano-Pt_Colorado-Springs_CO_80921_M24032-77288,True,True
,1750.0,3450.0,,0.0,2.0,,1.0,2.0,apartment,2120 Blake St,80205,CO,Denver,https://ar.rdcpix.com/614e5e611c89ec832834de381713f66fc-f3915414670od-w480_h360_x2.webp,https://ar.rdcpix.com/614e5e611c89ec832834de381713f66fc-f2645456379od-w480_h360_x2.webp,2120-Blake-St_Denver_CO_80205_M24412-76440,True,True
,2015.0,4580.0,,1.0,2.0,,1.0,2.5,apartment,816 Acoma St,80204,CO,Denver,https://ar.rdcpix.com/3fa68641b96ec1bb673df117979d3076c-f1300818559od-w480_h360_x2.webp,https://ar.rdcpix.com/3fa68641b96ec1bb673df117979d3076c-f2363758957od-w480_h360_x2.webp,816-Acoma-St_Denver_CO_80204_M17571-32372,True,True
,1533.0,2548.0,,0.0,2.0,,1.0,2.0,apartment,2890 Brighton Blvd,80216,CO,Denver,https://ar.rdcpix.com/33e1ee66da6ba726b9fa530379ea4f24c-f1637501100od-w480_h360_x2.webp,https://ar.rdcpix.com/33e1ee66da6ba726b9fa530379ea4f24c-f2675162998od-w480_h360_x2.webp,2890-Brighton-Blvd_Denver_CO_80216_M12648-63792,True,True
,1180.0,1180.0,,0.0,2.0,,1.0,1.0,apartment,1506 Yuma St,80909,CO,Colorado Springs,https://ar.rdcpix.com/9d112b782f95e85c4ed3e4bd13e8aa12c-f3277569040od-w480_h360_x2.webp,https://ar.rdcpix.com/9d112b782f95e85c4ed3e4bd13e8aa12c-f2174053683od-w480_h360_x2.webp,1506-Yuma-St_Colorado-Springs_CO_80909_M22248-80236,True,True
,1375.0,1995.0,,1.0,3.0,,1.0,2.0,apartment,3630 Rialto Hts,80907,CO,Colorado Springs,https://ar.rdcpix.com/8135e2c21805c3a9d842d16bbbb3b2f0c-f3877981835od-w480_h360_x2.webp,https://ar.rdcpix.com/8135e2c21805c3a9d842d16bbbb3b2f0c-f232416168od-w480_h360_x2.webp,3630-Rialto-Hts_Colorado-Springs_CO_80907_M23585-80382,True,True
,1790.0,2825.0,,0.0,2.0,,1.0,2.0,apartment,2555 17th St,80211,CO,Denver,https://ar.rdcpix.com/df4737cc944e597c102ed4597bd7ef74c-f1857262701od-w480_h360_x2.webp,https://ar.rdcpix.com/df4737cc944e597c102ed4597bd7ef74c-f3202431679od-w480_h360_x2.webp,2555-17th-St_Denver_CO_80211_M11123-00997,True,True
,1690.0,3070.0,,0.0,2.0,,1.0,2.0,apartment,2360 E Evans Ave,80210,CO,Denver,https://ar.rdcpix.com/00f6c38d5520a6b568b1f05850eb0741c-f2728163881od-w480_h360_x2.webp,https://ar.rdcpix.com/00f6c38d5520a6b568b1f05850eb0741c-f4158001718od-w480_h360_x2.webp,2360-E-Evans-Ave_Denver_CO_80210_M15017-63205,True,True
,1491.0,2175.0,,0.0,2.0,,1.0,2.0,apartment,1225 Santa Fe Dr,80204,CO,Denver,https://ar.rdcpix.com/e573906e8a6d6bcb66ee08b1ce118e41c-f3606493721od-w480_h360_x2.webp,https://ar.rdcpix.com/e573906e8a6d6bcb66ee08b1ce118e41c-f1183258136od-w480_h360_x2.webp,1225-Santa-Fe-Dr_Denver_CO_80204_M94695-88211,True,True
,1329.0,1726.0,,1.0,2.0,,1.0,1.0,apartment,1011 Colorado Blvd,80206,CO,Denver,https://ar.rdcpix.com/afafc1b5576d29a4d085d2d57a7f6abbc-f1624849573od-w480_h360_x2.webp,https://ar.rdcpix.com/afafc1b5576d29a4d085d2d57a7f6abbc-f2629548440od-w480_h360_x2.webp,1011-Colorado-Blvd_Denver_CO_80206_M24267-55686,True,True
,1450.0,2120.0,,1.0,2.0,,1.0,2.0,apartment,9403 Cadmium Vw,80920,CO,Colorado Springs,https://ar.rdcpix.com/1f313e452e897db68116c9a2080e8436c-f317149148od-w480_h360_x2.webp,https://ar.rdcpix.com/1f313e452e897db68116c9a2080e8436c-f2763332084od-w480_h360_x2.webp,9403-Cadmium-Vw_Colorado-Springs_CO_80920_M12776-84468,True,True
,1775.0,2300.0,,1.0,2.0,,1.0,2.0,apartment,300 S Lafayette St,80209,CO,Denver,https://ar.rdcpix.com/db5cac855314e17cdb0c0c55f8c85a71c-f1840824554od-w480_h360_x2.webp,https://ar.rdcpix.com/db5cac855314e17cdb0c0c55f8c85a71c-f909074661od-w480_h360_x2.webp,300-S-Lafayette-St_Denver_CO_80209_M17653-68145,True,True
,1321.0,1724.0,,1.0,2.0,,1.0,1.0,apartment,33 N Pearl St,80203,CO,Denver,https://ar.rdcpix.com/381309cb5f35816eca41a77ce34d0e21c-f434911236od-w480_h360_x2.webp,https://ar.rdcpix.com/381309cb5f35816eca41a77ce34d0e21c-f1504263733od-w480_h360_x2.webp,33-N-Pearl-St_Denver_CO_80203_M96913-05081,True,True
,1251.0,1319.0,,0.0,1.0,,1.0,1.0,apartment,1443 Elizabeth St,80206,CO,Denver,https://ar.rdcpix.com/109ab5f11be663ccf26935d7577184e6c-f1281423107od-w480_h360_x2.webp,https://ar.rdcpix.com/109ab5f11be663ccf26935d7577184e6c-f4180509320od-w480_h360_x2.webp,1443-Elizabeth-St_Denver_CO_80206_M25149-20303,True,True
,1220.0,1655.0,,1.0,2.0,,1.0,2.0,apartment,830 Vindicator Dr,80919,CO,Colorado Springs,https://ar.rdcpix.com/ec8489fb15f4da852b687ec1b3936c69c-f1784833858od-w480_h360_x2.webp,https://ar.rdcpix.com/ec8489fb15f4da852b687ec1b3936c69c-f8427097od-w480_h360_x2.webp,830-Vindicator-Dr_Colorado-Springs_CO_80919_M22042-34904,True,True
,1693.0,2486.0,,1.0,3.0,,1.0,2.0,apartment,1212 Raintree Dr,80526,CO,Fort Collins,https://ar.rdcpix.com/7a6d5962c6b535ed57bc9618cfb8e2b5c-f1831904662od-w480_h360_x2.webp,https://ar.rdcpix.com/7a6d5962c6b535ed57bc9618cfb8e2b5c-f535186137od-w480_h360_x2.webp,1212-Raintree-Dr_Fort-Collins_CO_80526_M23437-46091,True,True
,1395.0,1995.0,,1.0,3.0,,1.0,2.0,apartment,4675 Templeton Park Cir,80917,CO,Colorado Springs,https://ar.rdcpix.com/5296f24769330510878fd81295ea5c37c-f2946446904od-w480_h360_x2.webp,https://ar.rdcpix.com/5296f24769330510878fd81295ea5c37c-f4079650780od-w480_h360_x2.webp,4675-Templeton-Park-Cir_Colorado-Springs_CO_80917_M16831-20653,True,True
,1340.0,2680.0,,0.0,2.0,,1.0,1.0,apartment,901 N Sherman St,80203,CO,Denver,https://ar.rdcpix.com/6540c599ac840f455a463d1f39d87841c-f2176361753od-w480_h360_x2.webp,https://ar.rdcpix.com/6540c599ac840f455a463d1f39d87841c-f4264106617od-w480_h360_x2.webp,901-N-Sherman-St_Denver_CO_80203_M14909-01849,True,True
,1560.0,2575.0,,1.0,3.0,,1.0,2.0,apartment,4986 Amarosa Hts,80920,CO,Colorado Springs,https://ar.rdcpix.com/a741c944fb924f0c32b43c599a1b415ac-f3349761643od-w480_h360_x2.webp,https://ar.rdcpix.com/a741c944fb924f0c32b43c599a1b415ac-f3163535420od-w480_h360_x2.webp,4986-Amarosa-Hts_Colorado-Springs_CO_80920_M27645-81725,True,True
,1250.0,1475.0,,0.0,2.0,,1.0,2.0,apartment,2827 E Pikes Peak Ave,80909,CO,Colorado Springs,https://ar.rdcpix.com/aeb9c1e823a3964c7176cd7abd27e54ac-f3026006496od-w480_h360_x2.webp,https://ar.rdcpix.com/aeb9c1e823a3964c7176cd7abd27e54ac-f1356571708od-w480_h360_x2.webp,2833-E-Pikes-Peak-Ave_Colorado-Springs_CO_80909_M15394-12876,True,True
,1610.0,1675.0,,2.0,2.0,,1.0,2.0,apartment,145 W Cheyenne Rd,80906,CO,Colorado Springs,https://ar.rdcpix.com/de42126516ba8dfe877a75eebc72a11ec-f4105767168od-w480_h360_x2.webp,https://ar.rdcpix.com/de42126516ba8dfe877a75eebc72a11ec-f2562426047od-w480_h360_x2.webp,145-W-Cheyenne-Rd_Colorado-Springs_CO_80906_M22044-95766,True,True
,2175.0,2175.0,,2.0,2.0,,1.0,1.0,apartment,958 N Lincoln St,80203,CO,Denver,https://ar.rdcpix.com/d57a15fbd9c8eb6e3136a2747017b052c-f166357627od-w480_h360_x2.webp,https://ar.rdcpix.com/d57a15fbd9c8eb6e3136a2747017b052c-f1848214661od-w480_h360_x2.webp,958-N-Lincoln-St_Denver_CO_80203_M95260-41996,True,True
,1000.0,1395.0,,1.0,2.0,,1.0,1.0,apartment,2925 Tremont St,80907,CO,Colorado Springs,https://ar.rdcpix.com/7cc04b67124b8a8bcbeb732c165fac22c-f2171419103od-w480_h360_x2.webp,https://ar.rdcpix.com/7cc04b67124b8a8bcbeb732c165fac22c-f3501819306od-w480_h360_x2.webp,2925-Tremont-St_Colorado-Springs_CO_80907_M24675-99341,True,True
,1694.0,4247.0,,1.0,3.0,,1.0,2.0,apartment,1755 S Beeler St,80247,CO,Denver,https://ar.rdcpix.com/2ebec744e30a6df36708bdc12003ffaec-f873919009od-w480_h360_x2.webp,https://ar.rdcpix.com/2ebec744e30a6df36708bdc12003ffaec-f931680726od-w480_h360_x2.webp,1755-S-Beeler-St_Denver_CO_80247_M22248-95003,True,True
,1925.0,2930.0,,1.0,2.0,,1.0,2.0,apartment,2749 Walnut St,80205,CO,Denver,https://ar.rdcpix.com/e20d04dbc5fdd74a076764657a184fc8c-f3679602314od-w480_h360_x2.webp,https://ar.rdcpix.com/e20d04dbc5fdd74a076764657a184fc8c-f3317470072od-w480_h360_x2.webp,2749-Walnut-St_Denver_CO_80205_M15295-41342,True,True
,1145.0,1145.0,,1.0,2.0,,1.0,1.0,apartment,2414 Tremont St,80907,CO,Colorado Springs,https://ar.rdcpix.com/9a0074a7b9631091473b5e42a6b1401ec-f382024021od-w480_h360_x2.webp,https://ar.rdcpix.com/9a0074a7b9631091473b5e42a6b1401ec-f1520354748od-w480_h360_x2.webp,2414-Tremont-St_Colorado-Springs_CO_80907_M18712-03422,True,True
,1665.0,2031.0,,1.0,3.0,,1.0,1.0,apartment,3893 Westmeadow Dr,80906,CO,Colorado Springs,https://ar.rdcpix.com/886f5f50432f68653187065865746ddbc-f1451888793od-w480_h360_x2.webp,https://ar.rdcpix.com/886f5f50432f68653187065865746ddbc-f1925099793od-w480_h360_x2.webp,3893-Westmeadow-Dr_Colorado-Springs_CO_80906_M26873-68345,True,True
,1130.0,1280.0,,1.0,2.0,,1.0,1.0,apartment,3940 Harmony Dr,80917,CO,Colorado Springs,https://ar.rdcpix.com/02b4c4b21fa7a377932a1ed03cdea097c-f189083192od-w480_h360_x2.webp,https://ar.rdcpix.com/02b4c4b21fa7a377932a1ed03cdea097c-f462194719od-w480_h360_x2.webp,3940-Harmony-Dr_Colorado-Springs_CO_80917_M22027-44267,True,True
,1617.0,2299.0,,1.0,3.0,,1.0,2.0,apartment,1721 Telstar Dr,80920,CO,Colorado Springs,https://ar.rdcpix.com/04bb39d1aa64ca6a8873380441ae0fe4c-f3693318784od-w480_h360_x2.webp,https://ar.rdcpix.com/04bb39d1aa64ca6a8873380441ae0fe4c-f2590907988od-w480_h360_x2.webp,1721-Telstar-Dr_Colorado-Springs_CO_80920_M91904-95687,True,True
,1230.0,1585.0,,1.0,2.0,,1.0,2.0,apartment,1510 Gatehouse Cir S,80904,CO,Colorado Springs,https://ar.rdcpix.com/fd14f59692f9356c5de53aa66c289581c-f319474685od-w480_h360_x2.webp,https://ar.rdcpix.com/fd14f59692f9356c5de53aa66c289581c-f3183451886od-w480_h360_x2.webp,1510-Gatehouse-Cir-S_Colorado-Springs_CO_80904_M18784-08009,True,True
,1245.0,1620.0,,1.0,2.0,,1.0,2.0,apartment,2505 E Pikes Peak Ave,80909,CO,Colorado Springs,https://ar.rdcpix.com/c47658dcef4c4d8b70cd4e9f96c7fbeec-f1830461190od-w480_h360_x2.webp,https://ar.rdcpix.com/c47658dcef4c4d8b70cd4e9f96c7fbeec-f3142813236od-w480_h360_x2.webp,2505-E-Pikes-Peak-Ave_Colorado-Springs_CO_80909_M22030-79660,True,True
,1761.0,2122.0,,1.0,2.0,,1.0,2.0,apartment,4675 Alta Pt,80918,CO,Colorado Springs,https://ar.rdcpix.com/a949941f12658046c934691a4a13aae8c-f2505726191od-w480_h360_x2.webp,https://ar.rdcpix.com/a949941f12658046c934691a4a13aae8c-f2071973476od-w480_h360_x2.webp,4675-Alta-Pt_Colorado-Springs_CO_80918_M23662-57166,True,True
,2719.0,3732.0,,1.0,2.0,,1.0,2.0,apartment,3200 Bluff St,80301,CO,Boulder,https://ar.rdcpix.com/f100f1f5995166df357a4a4887b5f95ac-f4259502568od-w480_h360_x2.webp,https://ar.rdcpix.com/f100f1f5995166df357a4a4887b5f95ac-f678302753od-w480_h360_x2.webp,3200-Bluff-St_Boulder_CO_80301_M96578-72569,True,True
,1483.0,1907.0,,1.0,2.0,,1.0,2.0,apartment,4085 Westmeadow Dr,80906,CO,Colorado Springs,https://ar.rdcpix.com/878135ab6a1372f6d449d36c5865d9a7c-f455285070od-w480_h360_x2.webp,https://ar.rdcpix.com/878135ab6a1372f6d449d36c5865d9a7c-f2420845943od-w480_h360_x2.webp,4085-Westmeadow-Dr_Colorado-Springs_CO_80906_M18192-87348,True,True
,1615.0,1890.0,,2.0,2.0,,1.0,1.0,apartment,2811 Upper Vickers Vw,80918,CO,Colorado Springs,https://ar.rdcpix.com/2b76b54c885455258fef9917fe867e3fc-f4282150563od-w480_h360_x2.webp,https://ar.rdcpix.com/2b76b54c885455258fef9917fe867e3fc-f2206752643od-w480_h360_x2.webp,2811-Upper-Vickers-Vw_Colorado-Springs_CO_80918_M25643-32740,True,True
,1311.0,2340.0,,1.0,3.0,,1.0,2.0,apartment,3190 W 14th Ave,80204,CO,Denver,https://ar.rdcpix.com/08c6d6777669c7399f79206db16a4470c-f853462879od-w480_h360_x2.webp,https://ar.rdcpix.com/08c6d6777669c7399f79206db16a4470c-f210267312od-w480_h360_x2.webp,3190-W-14th-Ave_Denver_CO_80204_M29197-20609,True,True
,1770.0,1770.0,,2.0,3.0,,1.5,1.5,apartment,6633 Palace Dr,80918,CO,Colorado Springs,https://ar.rdcpix.com/a6b447caf7ae54366d759201b33ad0e1c-f1894270205od-w480_h360_x2.webp,https://ar.rdcpix.com/a6b447caf7ae54366d759201b33ad0e1c-f3095151159od-w480_h360_x2.webp,6633-Palace-Dr_Colorado-Springs_CO_80918_M22035-64117,True,True
,1599.0,3169.0,,0.0,2.0,,0.0,2.0,apartment,1910 S Josephine St,80210,CO,Denver,https://ar.rdcpix.com/838b0cbf8c0f53bde55663f3b01bde09c-f4114137502od-w480_h360_x2.webp,https://ar.rdcpix.com/838b0cbf8c0f53bde55663f3b01bde09c-f1989104082od-w480_h360_x2.webp,1955-1956-S-Josephine-St_Denver_CO_80210_M15301-00332,True,True
,1716.0,3027.0,,0.0,2.0,,1.0,2.0,apartment,2840 Blake St,80205,CO,Denver,https://ar.rdcpix.com/960840f5e550bbfde45081e67e4f098ac-f90897534od-w480_h360_x2.webp,https://ar.rdcpix.com/960840f5e550bbfde45081e67e4f098ac-f2483692623od-w480_h360_x2.webp,2840-Blake-St_Denver_CO_80205_M10746-51359,True,True
,1233.0,1322.0,,0.0,1.0,,1.0,1.0,apartment,136 S Pennsylvania St,80209,CO,Denver,https://ar.rdcpix.com/01ed0047993ac87bb3deba4ac3ff8a94c-f3281867169od-w480_h360_x2.webp,https://ar.rdcpix.com/01ed0047993ac87bb3deba4ac3ff8a94c-f3510818268od-w480_h360_x2.webp,136-S-Pennsylvania-St_Denver_CO_80209_M14046-72985,True,True
,2150.0,3725.0,,0.0,2.0,,1.0,2.0,apartment,400 N Grant St,80203,CO,Denver,https://ar.rdcpix.com/a549535021638eaf9809588804319801c-f4257134248od-w480_h360_x2.webp,https://ar.rdcpix.com/a549535021638eaf9809588804319801c-f1190288770od-w480_h360_x2.webp,400-N-Grant-St_Denver_CO_80203_M90566-99488,True,True
,2383.0,9797.0,,0.0,3.0,,0.0,2.0,apartment,180 Madison St,80206,CO,Denver,https://ar.rdcpix.com/283cae070be1861ad6dcf97e3127dd9ac-f2507674318od-w480_h360_x2.webp,https://ar.rdcpix.com/283cae070be1861ad6dcf97e3127dd9ac-f932771232od-w480_h360_x2.webp,180-Madison-St_Denver_CO_80206_M96786-40740,True,True
,1575.0,1575.0,,0.0,0.0,,1.0,1.0,apartment,555 Airport Creek Pt,80916,CO,Colorado Springs,https://ar.rdcpix.com/09624b8d8f4129669eb1a890bb612462c-f3367020212od-w480_h360_x2.webp,https://ar.rdcpix.com/09624b8d8f4129669eb1a890bb612462c-f2736763385od-w480_h360_x2.webp,555-Airport-Creek-Pt_Colorado-Springs_CO_80916_M99280-11606,False,False
,1575.0,1575.0,,0.0,0.0,,1.0,1.0,apartment,3350 N Chestnut St,80907,CO,Colorado Springs,https://ar.rdcpix.com/5c37b247df445471739feb4699b7640ac-f2198630874od-w480_h360_x2.webp,https://ar.rdcpix.com/5c37b247df445471739feb4699b7640ac-f1241865527od-w480_h360_x2.webp,3350-N-Chestnut-St_Colorado-Springs_CO_80907_M99086-70578,False,False
,1890.0,1890.0,,0.0,0.0,,1.0,1.0,apartment,9604 E Easter Ave,80112,CO,Englewood,https://ar.rdcpix.com/9d7a19cb0aebee33fa93f9c28dedfee1c-f1673473229od-w480_h360_x2.webp,https://ar.rdcpix.com/9d7a19cb0aebee33fa93f9c28dedfee1c-f1130627052od-w480_h360_x2.webp,9604-E-Easter-Ave_Centennial_CO_80112_M22507-05290,True,True
,1575.0,1575.0,,0.0,3.0,,1.0,1.0,apartment,3129 W Arkansas Ave,80219,CO,Denver,https://ar.rdcpix.com/64de3b57294e48dd6c2eec84d4cade3dc-f2787057371od-w480_h360_x2.webp,https://ar.rdcpix.com/64de3b57294e48dd6c2eec84d4cade3dc-f3020870536od-w480_h360_x2.webp,3129-W-Arkansas-Ave_Denver_CO_80219_M20530-61437,True,True
,1820.0,1820.0,,0.0,0.0,,1.0,1.0,apartment,13253 E Briarwood Ave,80112,CO,Centennial,https://ar.rdcpix.com/9ded81a8af97a15a9a55661b35af8745c-f295302964od-w480_h360_x2.webp,https://ar.rdcpix.com/9ded81a8af97a15a9a55661b35af8745c-f2294146624od-w480_h360_x2.webp,13253-E-Briarwood-Ave_Centennial_CO_80112_M97151-02686,False,False
,1687.0,1687.0,,0.0,0.0,,1.0,1.0,apartment,9650 E Geddes Ave,80112,CO,Englewood,https://ar.rdcpix.com/5556f29b6691fbc809132bff8285b905c-f3036778od-w480_h360_x2.webp,https://ar.rdcpix.com/5556f29b6691fbc809132bff8285b905c-f1331183527od-w480_h360_x2.webp,9650-E-Geddes-Ave_Englewood_CO_80112_M22509-28885,True,True
,1722.0,1722.0,,0.0,0.0,,1.0,1.0,apartment,9253 E Costilla Ave,80112,CO,Greenwood Village,https://ar.rdcpix.com/2dc3784c7f39aec7a145a47955e19da0c-f2289225063od-w480_h360_x2.webp,https://ar.rdcpix.com/2dc3784c7f39aec7a145a47955e19da0c-f2383071183od-w480_h360_x2.webp,9253-E-Costilla-Ave_Greenwood-Village_CO_80112_M22507-42556,True,True
,1605.0,2275.0,,1.0,3.0,,1.0,2.0,apartment,2645 Akers Dr,80922,CO,Colorado Springs,https://ar.rdcpix.com/85a9440f2f5c5fb4c6f3bf4c1b71ac2ac-f2077340322od-w480_h360_x2.webp,https://ar.rdcpix.com/85a9440f2f5c5fb4c6f3bf4c1b71ac2ac-f361009413od-w480_h360_x2.webp,2645-Akers-Dr_Colorado-Springs_CO_80922_M95699-24983,True,True
,1806.0,1806.0,,0.0,0.0,,1.0,1.0,apartment,4444 Leetsdale Dr,80246,CO,Glendale,https://ar.rdcpix.com/f4574cc422d3bcb034fec4ed82a7de5dc-f4179298965od-w480_h360_x2.webp,https://ar.rdcpix.com/f4574cc422d3bcb034fec4ed82a7de5dc-f2335196083od-w480_h360_x2.webp,4444-Leetsdale-Dr_Glendale_CO_80246_M22508-17088,True,True
,1235.0,1235.0,,1.0,1.0,,1.0,1.0,apartment,1220 N Emerson St,80218,CO,Denver,https://ar.rdcpix.com/1697255309f30aa93a245f0c8afc76cfc-f3040303551od-w480_h360_x2.webp,https://ar.rdcpix.com/1697255309f30aa93a245f0c8afc76cfc-f1283799054od-w480_h360_x2.webp,1220-N-Emerson-St_Denver_CO_80218_M98614-26939,False,False
,1793.0,1793.0,,0.0,3.0,,1.0,2.0,apartment,745 E South Boulder Rd,80027,CO,Louisville,https://ar.rdcpix.com/f818f44203515dc97967a4e98374d0c1c-f3979389852od-w480_h360_x2.webp,https://ar.rdcpix.com/f818f44203515dc97967a4e98374d0c1c-f3415865982od-w480_h360_x2.webp,707-E-South-Boulder-Rd_Louisville_CO_80027_M29298-02345,True,True
,994.0,1154.0,,0.0,2.0,,1.0,1.0,apartment,2713 Arlington Dr,80910,CO,Colorado Springs,https://ar.rdcpix.com/fcf7acbfbb9604d22728447e072f6c2bc-f4114329912od-w480_h360_x2.webp,https://ar.rdcpix.com/fcf7acbfbb9604d22728447e072f6c2bc-f2467809511od-w480_h360_x2.webp,2713-Arlington-Dr_Colorado-Springs_CO_80910_M17980-08495,True,True
,1725.0,2344.0,,1.0,3.0,,1.0,2.0,apartment,22025 E 7th Ave,80018,CO,Aurora,https://ar.rdcpix.com/c4463c1aa1add4ec92c56009723078c5c-f3483048415od-w480_h360_x2.webp,https://ar.rdcpix.com/c4463c1aa1add4ec92c56009723078c5c-f3904756648od-w480_h360_x2.webp,22025-E-7th-Ave_Aurora_CO_80018_M96510-65928,True,True
,1429.0,2799.0,,0.0,2.0,,1.0,2.0,apartment,13650 E Colfax Ave,80011,CO,Aurora,https://ar.rdcpix.com/96cb71968656c8c1476c1fa440e07298c-f2572214857od-w480_h360_x2.webp,https://ar.rdcpix.com/96cb71968656c8c1476c1fa440e07298c-f1376016267od-w480_h360_x2.webp,13650-E-Colfax-Ave_Aurora_CO_80011_M12973-96043,True,True
,2209.0,2209.0,,0.0,2.0,,1.0,2.0,apartment,4400 E Mississippi Ave,80246,CO,Denver,https://ar.rdcpix.com/791aef8a980b18bb5d6a22d6dff4339bc-f3121843257od-w480_h360_x2.webp,https://ar.rdcpix.com/791aef8a980b18bb5d6a22d6dff4339bc-f1039954553od-w480_h360_x2.webp,4400-E-Mississippi-Ave_Denver_CO_80246_M14086-90948,True,True
,1450.0,1995.0,,0.0,2.0,,1.0,2.0,apartment,453 Van Gordon St,80228,CO,Lakewood,https://ar.rdcpix.com/e48140d0a5b9fe930eba42c158a00ffec-f4290015289od-w480_h360_x2.webp,https://ar.rdcpix.com/e48140d0a5b9fe930eba42c158a00ffec-f3614181796od-w480_h360_x2.webp,453-Van-Gordon-St_Lakewood_CO_80228_M20814-89177,True,True
,1606.0,2123.0,,1.0,3.0,,1.0,2.0,apartment,5520 Woodmen Ridge Vw,80923,CO,Colorado Springs,https://ar.rdcpix.com/bceb94cd644f3e026cb8353515983eddc-f72580035od-w480_h360_x2.webp,https://ar.rdcpix.com/bceb94cd644f3e026cb8353515983eddc-f262203191od-w480_h360_x2.webp,5520-Woodmen-Ridge-Vw_Colorado-Springs_CO_80923_M22945-67304,True,True
,1667.0,2374.0,,0.0,3.0,,1.0,2.0,apartment,11320 New Voyager Hts,80921,CO,Colorado Springs,https://ar.rdcpix.com/ba0589c59510cb7859882d6fcc73a945c-f3401175464od-w480_h360_x2.webp,https://ar.rdcpix.com/ba0589c59510cb7859882d6fcc73a945c-f2142735654od-w480_h360_x2.webp,11320-New-Voyager-Hts_Colorado-Springs_CO_80921_M16672-93049,True,True
,1600.0,2415.0,,1.0,3.0,,1.0,2.0,apartment,7259 Ascent Way,80923,CO,Colorado Springs,https://ar.rdcpix.com/b5dad62f85c93bb7e981b7dd0fcf4339c-f2669341871od-w480_h360_x2.webp,https://ar.rdcpix.com/b5dad62f85c93bb7e981b7dd0fcf4339c-f1242415845od-w480_h360_x2.webp,7259-Ascent-Vw_Colorado-Springs_CO_80923_M91957-83793,True,True
,1719.0,2409.0,,0.0,2.0,,1.0,2.0,apartment,3455 Table Mesa Dr,80305,CO,Boulder,https://ar.rdcpix.com/dd84d7e475052cb5e5617cd1e9ec518ec-f1650493920od-w480_h360_x2.webp,https://ar.rdcpix.com/dd84d7e475052cb5e5617cd1e9ec518ec-f2100303451od-w480_h360_x2.webp,3455-Table-Mesa-Dr_Boulder_CO_80305_M16823-02359,True,True
,1489.0,2229.0,,0.0,1.0,,1.0,1.0,apartment,10177 Station Way,80124,CO,Lone Tree,https://ar.rdcpix.com/ab7fd94a0728505955b7daefc9e7cb18c-f3332200270od-w480_h360_x2.webp,https://ar.rdcpix.com/ab7fd94a0728505955b7daefc9e7cb18c-f3130780437od-w480_h360_x2.webp,10177-Station-Way_Littleton_CO_80124_M20347-62726,True,True
1647.0,,,0.0,,,1.0,,,apartment,11320 New Voyager Hts # 10-212,80921,CO,Colorado Springs,https://ap.rdcpix.com/dff9bbc346d189533585c497021735d1l-m3236740168od-w480_h360_x2.webp,https://ap.rdcpix.com/dff9bbc346d189533585c497021735d1l-m3517502445od-w480_h360_x2.webp,11320-New-Voyager-Hts-10-212_Colorado-Springs_CO_80921_M95555-55066,True,True
998.0,,,0.0,,,1.0,,,apartment,3040 Mallard Dr # 3122-201,80910,CO,Colorado Springs,https://ap.rdcpix.com/3508425e47ba54ceecf3e2390617bd59l-m544751459od-w480_h360_x2.webp,https://ap.rdcpix.com/3508425e47ba54ceecf3e2390617bd59l-m889388906od-w480_h360_x2.webp,3040-Mallard-Dr-3122-201_Colorado-Springs_CO_80910_M98989-19957,True,True
998.0,,,0.0,,,1.0,,,apartment,3040 Mallard Dr # 3122-301,80910,CO,Colorado Springs,https://ap.rdcpix.com/9b2e0e58b0f944ede2f12be6a0b3f5b2l-m544751459od-w480_h360_x2.webp,https://ap.rdcpix.com/9b2e0e58b0f944ede2f12be6a0b3f5b2l-m889388906od-w480_h360_x2.webp,3040-Mallard-Dr-3122-301_Colorado-Springs_CO_80910_M91371-58294,True,True
999.0,,,0.0,,,1.0,,,apartment,3125 Sinton Rd # Aucmpt,80907,CO,Colorado Springs,https://ap.rdcpix.com/b7426e3c034018681fbc745abd8fb4d5l-m4075125152od-w480_h360_x2.webp,https://ap.rdcpix.com/b7426e3c034018681fbc745abd8fb4d5l-m3473106305od-w480_h360_x2.webp,3125-Sinton-Rd-Aucmpt_Colorado-Springs_CO_80907_M99177-60571,True,True
1025.0,,,0.0,,,1.0,,,apartment,3125 Sinton Rd # Aucmqr,80907,CO,Colorado Springs,https://ap.rdcpix.com/2be94afcd3ea721088137cc3e69b9181l-m4075125152od-w480_h360_x2.webp,https://ap.rdcpix.com/2be94afcd3ea721088137cc3e69b9181l-m3473106305od-w480_h360_x2.webp,3125-Sinton-Rd-Aucmqr_Colorado-Springs_CO_80907_M96211-07271,True,True
1025.0,,,0.0,,,1.0,,,apartment,3125 Sinton Rd # Aucmeh,80907,CO,Colorado Springs,https://ap.rdcpix.com/02160cc2f1a3efa4d3ab295d7a5e7791l-m4075125152od-w480_h360_x2.webp,https://ap.rdcpix.com/02160cc2f1a3efa4d3ab295d7a5e7791l-m3473106305od-w480_h360_x2.webp,3125-Sinton-Rd-Aucmeh_Colorado-Springs_CO_80907_M91615-10009,True,True
1035.0,,,0.0,,,1.0,,,apartment,3125 Sinton Rd # Aucmwq,80907,CO,Colorado Springs,https://ap.rdcpix.com/b6c66f12be18a22675b5af542b4c9a29l-m4075125152od-w480_h360_x2.webp,https://ap.rdcpix.com/b6c66f12be18a22675b5af542b4c9a29l-m3473106305od-w480_h360_x2.webp,3125-Sinton-Rd-Aucmwq_Colorado-Springs_CO_80907_M96944-94181,True,True
1645.0,,,0.0,,,1.0,,,apartment,23680 E Easter Dr # 19105,80016,CO,Aurora,https://ap.rdcpix.com/0e7a47d09d08b70f8ef01d619aab7a47l-m4058329263od-w480_h360_x2.webp,https://ap.rdcpix.com/0e7a47d09d08b70f8ef01d619aab7a47l-m235165547od-w480_h360_x2.webp,23680-E-Easter-Dr-19105_Aurora_CO_80016_M98805-78680,True,True
1116.0,,,0.0,,,1.0,,,apartment,1030 S Chelton Rd # 7101,80910,CO,Colorado Springs,https://ap.rdcpix.com/1d865d45d10990c3ab38e4cc51b7aee5l-m298894844od-w480_h360_x2.webp,https://ap.rdcpix.com/1d865d45d10990c3ab38e4cc51b7aee5l-m1319560893od-w480_h360_x2.webp,1030-S-Chelton-Rd-7101_Colorado-Springs_CO_80910_M90010-41675,True,True
1116.0,,,0.0,,,1.0,,,apartment,1030 S Chelton Rd # 1101,80910,CO,Colorado Springs,https://ap.rdcpix.com/a2f1dfb74d0cff9e662bdf664282f16cl-m298894844od-w480_h360_x2.webp,https://ap.rdcpix.com/a2f1dfb74d0cff9e662bdf664282f16cl-m1319560893od-w480_h360_x2.webp,1030-S-Chelton-Rd-1101_Colorado-Springs_CO_80910_M91073-79954,True,True
1116.0,,,0.0,,,1.0,,,apartment,1030 S Chelton Rd # 1102,80910,CO,Colorado Springs,https://ap.rdcpix.com/7c14439ecb1ef12e5214108e2820c07fl-m298894844od-w480_h360_x2.webp,https://ap.rdcpix.com/7c14439ecb1ef12e5214108e2820c07fl-m1319560893od-w480_h360_x2.webp,1030-S-Chelton-Rd-1102_Colorado-Springs_CO_80910_M93382-08556,True,True
1290.0,,,0.0,,,1.0,,,apartment,9999 E Yale Ave Apt C103,80231,CO,Denver,https://ap.rdcpix.com/551c2c9f5445e26f7523255971505ddel-m1183193010od-w480_h360_x2.webp,https://ap.rdcpix.com/551c2c9f5445e26f7523255971505ddel-m2586143903od-w480_h360_x2.webp,9999-E-Yale-Ave-Apt-C103_Denver_CO_80231_M93536-61511,True,True
1395.0,,,0.0,,,1.0,,,apartment,4982 S Ulster St Apt 710,80237,CO,Denver,https://ap.rdcpix.com/292cb33c9a4ddd74245d63198d52c7cdl-m3366572212od-w480_h360_x2.webp,https://ap.rdcpix.com/292cb33c9a4ddd74245d63198d52c7cdl-m661748300od-w480_h360_x2.webp,4982-S-Ulster-St-Apt-710_Denver_CO_80237_M98977-25735,True,True
1415.0,,,0.0,,,1.0,,,apartment,4982 S Ulster St Apt 1018,80237,CO,Denver,https://ap.rdcpix.com/99e6422e112558e87c7ca477a57484e6l-m3366572212od-w480_h360_x2.webp,https://ap.rdcpix.com/99e6422e112558e87c7ca477a57484e6l-m661748300od-w480_h360_x2.webp,4982-S-Ulster-St-Apt-1018_Denver_CO_80237_M98481-77282,True,True
1595.0,,,0.0,,,1.0,,,apartment,13631 Shepard Hts # 10-106,80921,CO,Colorado Springs,https://ap.rdcpix.com/3bed3f9c21de4a46e317040369e634c6l-m842161874od-w480_h360_x2.webp,https://ap.rdcpix.com/3bed3f9c21de4a46e317040369e634c6l-m386648295od-w480_h360_x2.webp,13631-Shepard-Hts-10-106_Colorado-Springs_CO_80921_M97817-59754,True,True
1259.0,,,0.0,,,1.0,,,apartment,9999 E Yale Ave Apt F103,80231,CO,Denver,https://ap.rdcpix.com/2d7537ba11ff30d8c41002258cd5be76l-m1183193010od-w480_h360_x2.webp,https://ap.rdcpix.com/2d7537ba11ff30d8c41002258cd5be76l-m2586143903od-w480_h360_x2.webp,9999-E-Yale-Ave-Apt-F103_Denver_CO_80231_M98982-69950,True,True
1262.0,,,0.0,,,1.0,,,apartment,9999 E Yale Ave Apt A213,80231,CO,Denver,https://ap.rdcpix.com/2c163677aefccf3842eb30a19ab6320al-m1183193010od-w480_h360_x2.webp,https://ap.rdcpix.com/2c163677aefccf3842eb30a19ab6320al-m2586143903od-w480_h360_x2.webp,9999-E-Yale-Ave-Apt-A213_Denver_CO_80231_M96312-96209,True,True
1247.0,,,0.0,,,1.0,,,apartment,3300 S Tamarac Dr Apt E107,80231,CO,Denver,https://ap.rdcpix.com/6466a9b667f58657c54191193751f79cl-m553960509od-w480_h360_x2.webp,https://ap.rdcpix.com/6466a9b667f58657c54191193751f79cl-m523559635od-w480_h360_x2.webp,3300-S-Tamarac-Dr-Apt-E107_Denver_CO_80231_M93101-39731,True,True
1240.0,,,0.0,,,1.0,,,apartment,8405 E Hampden Ave # 107,80231,CO,Denver,https://ap.rdcpix.com/f3a19285022a849972234475117c600dl-m2785193048od-w480_h360_x2.webp,https://ap.rdcpix.com/f3a19285022a849972234475117c600dl-m2597044859od-w480_h360_x2.webp,8405-E-Hampden-Ave-01-07M_Denver_CO_80231_M90437-82830,True,True
,825.0,1275.0,,0.0,1.0,,1.0,1.0,apartment,10370 Ute Pass Ave,80819,CO,Green Mountain Falls,https://ar.rdcpix.com/08dfd581bd2fab88815ee478203b8b10c-f1551337178od-w480_h360_x2.webp,https://ar.rdcpix.com/08dfd581bd2fab88815ee478203b8b10c-f2817901153od-w480_h360_x2.webp,10370-Ute-Pass-Ave_Green-Mountain-Falls_CO_80819_M28384-44046,False,False
1510.0,,,0.0,,,1.0,,,apartment,3300 S Tamarac Dr Apt J105,80231,CO,Denver,https://ap.rdcpix.com/8308450e4a1943dacc30c047b88be4ffl-m553960509od-w480_h360_x2.webp,https://ap.rdcpix.com/8308450e4a1943dacc30c047b88be4ffl-m523559635od-w480_h360_x2.webp,3300-S-Tamarac-Dr-Apt-J105_Denver_CO_80231_M95666-78919,True,True
2006.0,,,0.0,,,1.0,,,apartment,3100 Pearl Pkwy Apt 305,80301,CO,Boulder,https://ap.rdcpix.com/af169b9f5e7dfb98819fad49ac203579l-m896605828od-w480_h360_x2.webp,https://ap.rdcpix.com/af169b9f5e7dfb98819fad49ac203579l-m579455286od-w480_h360_x2.webp,3100-Pearl-Pkwy-Apt-305_Boulder_CO_80301_M90116-62992,True,True
1972.0,,,0.0,,,1.0,,,apartment,3100 Pearl Pkwy Apt 410,80301,CO,Boulder,https://ap.rdcpix.com/17db60d0a1aee3260ef1c67e5280de74l-m896605828od-w480_h360_x2.webp,https://ap.rdcpix.com/17db60d0a1aee3260ef1c67e5280de74l-m579455286od-w480_h360_x2.webp,3100-Pearl-Pkwy-Apt-410_Boulder_CO_80301_M91960-63271,True,True
1698.0,,,0.0,,,1.0,,,apartment,13650 E Colfax Ave Apt 1230,80011,CO,Aurora,https://ap.rdcpix.com/6df2f7279a492e1aef7bf1beecff65dbl-m2150429937od-w480_h360_x2.webp,https://ap.rdcpix.com/6df2f7279a492e1aef7bf1beecff65dbl-m126637295od-w480_h360_x2.webp,13650-E-Colfax-Ave-Apt-1230_Aurora_CO_80011_M90451-62122,True,True
1555.0,,,0.0,,,1.0,,,apartment,10215 Crescent Meadow Blvd # 18105,80134,CO,Parker,https://ap.rdcpix.com/715b2872fdf8f39505e9a4956b197fe5l-m1508893776od-w480_h360_x2.webp,https://ap.rdcpix.com/715b2872fdf8f39505e9a4956b197fe5l-m214823105od-w480_h360_x2.webp,10215-Crescent-Meadow-Blvd-18105_Parker_CO_80134_M90403-81132,True,True
1510.0,,,0.0,,,1.0,,,apartment,10215 Crescent Meadow Blvd # 44104,80134,CO,Parker,https://ap.rdcpix.com/78f02f2e53d91951c7a816825b8898e8l-m1508893776od-w480_h360_x2.webp,https://ap.rdcpix.com/78f02f2e53d91951c7a816825b8898e8l-m214823105od-w480_h360_x2.webp,10215-Crescent-Meadow-Blvd-44104_Parker_CO_80134_M91148-64961,True,True
1085.0,,,0.0,,,1.0,,,apartment,980 S Dexter St Apt 2,80246,CO,Denver,https://ap.rdcpix.com/3654624071/716e33d4e508b1e0ad2cb0729d0ba196l-m0od-w480_h360_x2.webp,https://ap.rdcpix.com/716e33d4e508b1e0ad2cb0729d0ba196l-m2348361813od-w480_h360_x2.webp,980-S-Dexter-St-Apt-2_Denver_CO_80246_M98894-37111,,
1473.0,,,0.0,,,1.0,,,apartment,7700 E Peakview Ave # 131,80111,CO,Centennial,https://ap.rdcpix.com/796f3caa87dbc72738d62b3f646a1449l-m985835092od-w480_h360_x2.webp,https://ap.rdcpix.com/796f3caa87dbc72738d62b3f646a1449l-m2455035385od-w480_h360_x2.webp,7700-E-Peakview-Ave-131_Centennial_CO_80111_M96660-69768,True,True
1993.0,,,0.0,,,1.0,,,apartment,14770 Orchard Pkwy # 01-125,80023,CO,Westminster,https://ap.rdcpix.com/ad8ddca6a649ca11b61b4223a35b36c6l-m2928709337od-w480_h360_x2.webp,https://ap.rdcpix.com/ad8ddca6a649ca11b61b4223a35b36c6l-m1532965570od-w480_h360_x2.webp,14770-Orchard-Pkwy-01-125_Westminster_CO_80023_M99756-49539,True,True
1682.0,,,0.0,,,1.0,,,apartment,10020 Trainstation Cir # 1-341,80124,CO,Lone Tree,https://ap.rdcpix.com/cc0f6c0d8935d549b04b041dceb951d1l-m2907228659od-w480_h360_x2.webp,https://ap.rdcpix.com/cc0f6c0d8935d549b04b041dceb951d1l-m1664139272od-w480_h360_x2.webp,10020-Trainstation-Cir-1-341_Lone-Tree_CO_80124_M92690-02070,True,True
1682.0,,,0.0,,,1.0,,,apartment,10020 Trainstation Cir # 1-374,80124,CO,Lone Tree,https://ap.rdcpix.com/1218d321bb447e8f0458b6ea736f2b89l-m2907228659od-w480_h360_x2.webp,https://ap.rdcpix.com/1218d321bb447e8f0458b6ea736f2b89l-m1664139272od-w480_h360_x2.webp,10020-Trainstation-Cir-1-374_Lone-Tree_CO_80124_M93358-21346,True,True
1687.0,,,0.0,,,1.0,,,apartment,10020 Trainstation Cir # 1-468,80124,CO,Lone Tree,https://ap.rdcpix.com/2e75a00bc8bd1846a5e8bec23e61b601l-m2907228659od-w480_h360_x2.webp,https://ap.rdcpix.com/2e75a00bc8bd1846a5e8bec23e61b601l-m1664139272od-w480_h360_x2.webp,10020-Trainstation-Cir-1-468_Lone-Tree_CO_80124_M99203-04686,True,True
800.0,,,1.0,,,1.0,,,apartment,5203 Belle Star Dr # 4,80922,CO,Colorado Springs,https://ap.rdcpix.com/9ee99916ac96568024ee85811227c52cl-m3167543700od-w480_h360_x2.webp,https://ap.rdcpix.com/9ee99916ac96568024ee85811227c52cl-m2305845052od-w480_h360_x2.webp,5203-Belle-Star-Dr-4_Colorado-Springs_CO_80922_M92021-79350,True,True
2194.0,,,0.0,,,1.0,,,apartment,158 Inverness Dr W Apt C114,80112,CO,Centennial,https://ap.rdcpix.com/ff64abd4caa9c42536b20126a26583a4l-m1113732497od-w480_h360_x2.webp,https://ap.rdcpix.com/ff64abd4caa9c42536b20126a26583a4l-m3364491164od-w480_h360_x2.webp,158-Inverness-Dr-W-Apt-C114_Englewood_CO_80112_M96557-37074,True,True
1042.0,,,0.0,,,1.0,,,apartment,2470 S Quebec St # S1,80231,CO,Denver,https://ap.rdcpix.com/300df2925eb812579ff8c49f6acf2cd7l-m3512672339od-w480_h360_x2.webp,https://ap.rdcpix.com/300df2925eb812579ff8c49f6acf2cd7l-m3389509697od-w480_h360_x2.webp,2470-S-Quebec-St-S1_Denver_CO_80231_M90963-28819,True,True
2428.0,,,0.0,,,1.0,,,apartment,9300 E Mineral Ave Apt 525,80112,CO,Centennial,https://ap.rdcpix.com/0c04481ecfc7b1dfebb218ac756dbdcal-m1114403125od-w480_h360_x2.webp,https://ap.rdcpix.com/0c04481ecfc7b1dfebb218ac756dbdcal-m938656978od-w480_h360_x2.webp,9300-E-Mineral-Ave-Apt-525_Centennial_CO_80112_M94567-68081,True,True
1399.0,,,0.0,,,1.0,,,apartment,8000 E Girard Ave Apt 114,80231,CO,Denver,https://ap.rdcpix.com/e355858203c169f66b946636d8b86cf0l-m4085766725od-w480_h360_x2.webp,https://ap.rdcpix.com/e355858203c169f66b946636d8b86cf0l-m1635342934od-w480_h360_x2.webp,8000-E-Girard-Ave-Apt-114_Denver_CO_80231_M97290-22059,True,True
800.0,,,1.0,,,2.0,,,apartment,7765 Chancellor Dr # 5,80920,CO,Colorado Springs,https://ap.rdcpix.com/83023630bfe9bc64cd718e5e74211b50l-m652878613od-w480_h360_x2.webp,https://ap.rdcpix.com/83023630bfe9bc64cd718e5e74211b50l-m1728745483od-w480_h360_x2.webp,7765-Chancellor-Dr-5_Colorado-Springs_CO_80920_M90832-59772,True,True
,2250.0,2250.0,,3.0,3.0,,2.0,2.0,apartment,4860 Denys Dr,80547,CO,Timnath,https://ar.rdcpix.com/e8d3a1582c252f5e51a11fcb2bcc66c1c-f407452941od-w480_h360_x2.webp,https://ar.rdcpix.com/e8d3a1582c252f5e51a11fcb2bcc66c1c-f649874726od-w480_h360_x2.webp,4860-Denys-Dr_Timnath_CO_80547_M93066-26024,True,True
1663.0,,,1.0,,,1.0,,,apartment,5520 Woodmen Ridge Vw # 5688-302,80923,CO,Colorado Springs,https://ap.rdcpix.com/840db270d61a96152457be56c50a0bf4l-m2334090822od-w480_h360_x2.webp,https://ap.rdcpix.com/840db270d61a96152457be56c50a0bf4l-m110306281od-w480_h360_x2.webp,5520-Woodmen-Ridge-Vw-5688-302_Colorado-Springs_CO_80923_M97885-90967,True,True
1711.0,,,1.0,,,1.0,,,apartment,5520 Woodmen Ridge Vw # 5640-101,80923,CO,Colorado Springs,https://ap.rdcpix.com/0aaaa0ad676256a87c8925b55e41b68cl-m2334090822od-w480_h360_x2.webp,https://ap.rdcpix.com/0aaaa0ad676256a87c8925b55e41b68cl-m110306281od-w480_h360_x2.webp,5520-Woodmen-Ridge-Vw-5640-101_Colorado-Springs_CO_80923_M92578-84073,True,True
1295.0,,,1.0,,,1.0,,,apartment,1852 S Wadsworth Blvd Apt 29,80232,CO,Lakewood,https://ap.rdcpix.com/0f7a2824e46ad64ae682a7cecd8ea587l-m2562021171od-w480_h360_x2.webp,https://ap.rdcpix.com/0f7a2824e46ad64ae682a7cecd8ea587l-m2602493558od-w480_h360_x2.webp,1852-S-Wadsworth-Blvd-Apt-29_Lakewood_CO_80232_M93309-59497,True,True
1439.0,,,1.0,,,1.0,,,apartment,10555 W Jewell Ave Apt 26107,80232,CO,Lakewood,https://ap.rdcpix.com/8d48158eb16baf7636d4e8642a94e55el-m1877397174od-w480_h360_x2.webp,https://ap.rdcpix.com/8d48158eb16baf7636d4e8642a94e55el-m762531720od-w480_h360_x2.webp,10555-W-Jewell-Ave-Apt-26-107_Lakewood_CO_80232_M94831-49095,True,True
1453.0,,,1.0,,,1.0,,,apartment,10555 W Jewell Ave # 4107,80232,CO,Lakewood,https://ap.rdcpix.com/11dbe44b27a600e2de3e5dc39547d064l-m1877397174od-w480_h360_x2.webp,https://ap.rdcpix.com/11dbe44b27a600e2de3e5dc39547d064l-m762531720od-w480_h360_x2.webp,10555-W-Jewell-Ave-4107_Lakewood_CO_80232_M91478-88084,True,True
1453.0,,,1.0,,,1.0,,,apartment,10555 W Jewell Ave # 9106,80232,CO,Lakewood,https://ap.rdcpix.com/7acf32cd3ba00189890c6ef611dfa882l-m1877397174od-w480_h360_x2.webp,https://ap.rdcpix.com/7acf32cd3ba00189890c6ef611dfa882l-m762531720od-w480_h360_x2.webp,10555-W-Jewell-Ave-9106_Lakewood_CO_80232_M90827-79884,True,True
1400.0,,,1.0,,,1.0,,,apartment,1852 S Wadsworth Blvd Apt 16,80232,CO,Lakewood,https://ap.rdcpix.com/431b3e62d05c5dfed7f853f914e9ed55l-m2562021171od-w480_h360_x2.webp,https://ap.rdcpix.com/431b3e62d05c5dfed7f853f914e9ed55l-m2602493558od-w480_h360_x2.webp,1852-S-Wadsworth-Blvd-Apt-16_Lakewood_CO_80232_M95438-00903,True,True
1474.0,,,1.0,,,1.0,,,apartment,10555 W Jewell Ave Apt 26102,80232,CO,Lakewood,https://ap.rdcpix.com/3de72e5f24e427fc6cb14e6eedfdcd41l-m1877397174od-w480_h360_x2.webp,https://ap.rdcpix.com/3de72e5f24e427fc6cb14e6eedfdcd41l-m762531720od-w480_h360_x2.webp,10555-W-Jewell-Ave-Apt-26-102_Lakewood_CO_80232_M91118-15564,True,True
1494.0,,,1.0,,,1.0,,,apartment,10555 W Jewell Ave Apt 20103,80232,CO,Lakewood,https://ap.rdcpix.com/0e94e969eddf4533437b3d2e6a5a9ad7l-m1877397174od-w480_h360_x2.webp,https://ap.rdcpix.com/0e94e969eddf4533437b3d2e6a5a9ad7l-m762531720od-w480_h360_x2.webp,10555-W-Jewell-Ave-Apt-20-103_Lakewood_CO_80232_M95313-56914,True,True
1513.0,,,1.0,,,1.0,,,apartment,10555 W Jewell Ave # 5107,80232,CO,Lakewood,https://ap.rdcpix.com/e5142fd10094d83c96a38d58b261300dl-m1877397174od-w480_h360_x2.webp,https://ap.rdcpix.com/e5142fd10094d83c96a38d58b261300dl-m762531720od-w480_h360_x2.webp,10555-W-Jewell-Ave-5107_Lakewood_CO_80232_M91218-72140,True,True
1529.0,,,1.0,,,1.0,,,apartment,10555 W Jewell Ave Apt 25302,80232,CO,Lakewood,https://ap.rdcpix.com/fdfdec18e05413671d5401594d2e61e5l-m1877397174od-w480_h360_x2.webp,https://ap.rdcpix.com/fdfdec18e05413671d5401594d2e61e5l-m762531720od-w480_h360_x2.webp,10555-W-Jewell-Ave-Apt-25-302_Lakewood_CO_80232_M99829-21712,True,True
1536.0,,,1.0,,,1.0,,,apartment,7865 Allison Way # G208,80005,CO,Arvada,https://ap.rdcpix.com/5a422ce10ced446a5ce893b73c7c6fc6l-m2866577623od-w480_h360_x2.webp,https://ap.rdcpix.com/5a422ce10ced446a5ce893b73c7c6fc6l-m3731562302od-w480_h360_x2.webp,7865-Allison-Way-G208_Arvada_CO_80005_M99361-53086,True,True
1555.0,,,1.0,,,1.0,,,apartment,7865 Allison Way # F308,80005,CO,Arvada,https://ap.rdcpix.com/4a401293dbb22b7a6d6fecab260f9af9l-m2866577623od-w480_h360_x2.webp,https://ap.rdcpix.com/4a401293dbb22b7a6d6fecab260f9af9l-m3731562302od-w480_h360_x2.webp,7865-Allison-Way-F308_Arvada_CO_80005_M90050-87256,True,True
1681.0,,,1.0,,,1.0,,,apartment,7865 Allison Way # C201,80005,CO,Arvada,https://ap.rdcpix.com/1f53c5de40097a7d5437eaf298b8871bl-m2866577623od-w480_h360_x2.webp,https://ap.rdcpix.com/1f53c5de40097a7d5437eaf298b8871bl-m3731562302od-w480_h360_x2.webp,7865-Allison-Way-C201_Arvada_CO_80005_M95298-43240,True,True
1701.0,,,1.0,,,1.0,,,apartment,7865 Allison Way # B308,80005,CO,Arvada,https://ap.rdcpix.com/5fd2177f40e57cdbf2d7dc595cf5944bl-m2866577623od-w480_h360_x2.webp,https://ap.rdcpix.com/5fd2177f40e57cdbf2d7dc595cf5944bl-m3731562302od-w480_h360_x2.webp,7865-Allison-Way-B308_Arvada_CO_80005_M94051-15549,True,True
1701.0,,,1.0,,,1.0,,,apartment,7865 Allison Way # D308,80005,CO,Arvada,https://ap.rdcpix.com/3d373da8f871d8c0e5ddf9c33cff6488l-m2866577623od-w480_h360_x2.webp,https://ap.rdcpix.com/3d373da8f871d8c0e5ddf9c33cff6488l-m3731562302od-w480_h360_x2.webp,7865-Allison-Way-D308_Arvada_CO_80005_M91157-88591,True,True
1195.0,,,0.0,,,1.0,,,apartment,1400 W Mississippi Ave Apt 106,80223,CO,Denver,https://ap.rdcpix.com/cfb926eba60b318e1e5a7ba13348c131l-m2641805955od-w480_h360_x2.webp,https://ap.rdcpix.com/cfb926eba60b318e1e5a7ba13348c131l-m1453291538od-w480_h360_x2.webp,1400-W-Mississippi-Ave-Apt-106_Denver_CO_80223_M97645-31249,True,True
750.0,,,1.0,,,1.0,,,apartment,547 Highway 50 Apt 31,81503,CO,Grand Junction,https://ap.rdcpix.com/3284170229/0e851dab6d89e8902d972ab4b02802ccl-m0od-w480_h360_x2.webp,https://ap.rdcpix.com/618878582/0e851dab6d89e8902d972ab4b02802ccl-m1od-w480_h360_x2.webp,547-Highway-50-Apt-31_Grand-Junction_CO_81503_M98914-65076,,
1400.0,,,1.0,,,1.0,,,apartment,9025 Picabo Rd,80809,CO,Cascade,https://ap.rdcpix.com/4cec118f43603b0e026a6748988a2697l-m1646867738od-w480_h360_x2.webp,https://ap.rdcpix.com/4cec118f43603b0e026a6748988a2697l-m1374490472od-w480_h360_x2.webp,9025-Picabo-Rd_Cascade_CO_80809_M92235-82567,True,True
1777.0,,,1.0,,,1.0,,,apartment,704 Stone Park Ln # 904-300,80863,CO,Woodland Park,https://ap.rdcpix.com/1cf9cb0486b6a78d878b2bb0e690887el-m1584516858od-w480_h360_x2.webp,https://ap.rdcpix.com/1cf9cb0486b6a78d878b2bb0e690887el-m52731867od-w480_h360_x2.webp,704-Stone-Park-Ln-904-300_Woodland-Park_CO_80863_M93103-96469,True,True
,1650.0,2200.0,,1.0,3.0,,1.0,2.0,apartment,10937 Ute Hwy,80504,CO,Longmont,https://ar.rdcpix.com/9f7cec7e966facf7756709c9daf3252ac-f2852929186od-w480_h360_x2.webp,https://ar.rdcpix.com/9f7cec7e966facf7756709c9daf3252ac-f1940383372od-w480_h360_x2.webp,10937-Ute-Hwy_Longmont_CO_80504_M20130-06999,True,True
1842.0,,,1.0,,,1.0,,,apartment,704 Stone Park Ln # 914-206,80863,CO,Woodland Park,https://ap.rdcpix.com/7da7f3b42dd32c93f7563a38a89f1af5l-m1584516858od-w480_h360_x2.webp,https://ap.rdcpix.com/7da7f3b42dd32c93f7563a38a89f1af5l-m52731867od-w480_h360_x2.webp,704-Stone-Park-Ln-914-206_Woodland-Park_CO_80863_M93057-41156,True,True
850.0,,,0.0,,,0.0,,,apartment,777 E 14th Ave Apt 307,80203,CO,Denver,https://ap.rdcpix.com/8cd72d884547f1d3382950ddf4e5726bl-m603411310od-w480_h360_x2.webp,https://ap.rdcpix.com/8cd72d884547f1d3382950ddf4e5726bl-m250772547od-w480_h360_x2.webp,777-E-14th-Ave-Apt-307_Denver_CO_80203_M93083-50692,,
,1686.0,1686.0,,0.0,0.0,,1.0,1.0,apartment,575 N Billings St,80011,CO,Aurora,https://ar.rdcpix.com/05896010dcdf7011e9a560b4a61249ecc-f1077351002od-w480_h360_x2.webp,https://ar.rdcpix.com/05896010dcdf7011e9a560b4a61249ecc-f115382273od-w480_h360_x2.webp,575-Billings-St_Aurora_CO_80011_M15063-05004,False,False
1775.0,,,2.0,,,2.0,,,apartment,6600 S Vine St Apt 205,80121,CO,Centennial,https://ap.rdcpix.com/79a5c7c813e7773baa7a56d8eacd74f7l-m496962721od-w480_h360_x2.webp,https://ap.rdcpix.com/79a5c7c813e7773baa7a56d8eacd74f7l-m1733726643od-w480_h360_x2.webp,6600-S-Vine-St-Apt-205_Centennial_CO_80121_M97319-81256,True,True
1550.0,,,1.0,,,1.0,,,apartment,7765 Pitcher Pt # 11-205,80817,CO,Fountain,https://ap.rdcpix.com/38f512920f6f434b587cbdd1ad7627a9l-m304379695od-w480_h360_x2.webp,https://ap.rdcpix.com/38f512920f6f434b587cbdd1ad7627a9l-m3402450632od-w480_h360_x2.webp,7765-Pitcher-Pt-11-205_Fountain_CO_80817_M90934-93854,True,True
1431.0,,,1.0,,,1.0,,,apartment,7765 Pitcher Pt # 02-308,80817,CO,Fountain,https://ap.rdcpix.com/9122fc16603648c4e24264afee62e8c3l-m304379695od-w480_h360_x2.webp,https://ap.rdcpix.com/9122fc16603648c4e24264afee62e8c3l-m3402450632od-w480_h360_x2.webp,7765-Pitcher-Pt-02-308_Fountain_CO_80817_M97990-42058,True,True
1600.0,,,1.0,,,1.0,,,apartment,7765 Pitcher Pt # 01-204,80817,CO,Fountain,https://ap.rdcpix.com/9503a61c27da15e01952ae32993ce3ccl-m304379695od-w480_h360_x2.webp,https://ap.rdcpix.com/9503a61c27da15e01952ae32993ce3ccl-m3402450632od-w480_h360_x2.webp,7765-Pitcher-Pt-01-204_Fountain_CO_80817_M96472-36557,True,True
1421.0,,,1.0,,,1.0,,,apartment,7765 Pitcher Pt # 02-203,80817,CO,Fountain,https://ap.rdcpix.com/d3a12f718983de4b2b91ecb547816ee0l-m304379695od-w480_h360_x2.webp,https://ap.rdcpix.com/d3a12f718983de4b2b91ecb547816ee0l-m3402450632od-w480_h360_x2.webp,7765-Pitcher-Pt-02-203_Fountain_CO_80817_M95155-49984,True,True
1421.0,,,1.0,,,1.0,,,apartment,7765 Pitcher Pt # 05-201,80817,CO,Fountain,https://ap.rdcpix.com/64fa246d78c3bcdfcfd7865663cc2e2el-m304379695od-w480_h360_x2.webp,https://ap.rdcpix.com/64fa246d78c3bcdfcfd7865663cc2e2el-m3402450632od-w480_h360_x2.webp,7765-Pitcher-Pt-05-201_Fountain_CO_80817_M97274-25269,True,True
1580.0,,,1.0,,,1.0,,,apartment,7765 Pitcher Pt # 16-206,80817,CO,Fountain,https://ap.rdcpix.com/72214f961705f70fc95711ed5b32062dl-m304379695od-w480_h360_x2.webp,https://ap.rdcpix.com/72214f961705f70fc95711ed5b32062dl-m3402450632od-w480_h360_x2.webp,7765-Pitcher-Pt-16-206_Fountain_CO_80817_M96798-66392,True,True
1680.0,,,1.0,,,1.0,,,apartment,7765 Pitcher Pt # 11-102,80817,CO,Fountain,https://ap.rdcpix.com/89620d93fe6f9fb3096edc0f8c50311el-m304379695od-w480_h360_x2.webp,https://ap.rdcpix.com/89620d93fe6f9fb3096edc0f8c50311el-m3402450632od-w480_h360_x2.webp,7765-Pitcher-Pt-11-102_Fountain_CO_80817_M90898-25144,True,True
1734.0,,,1.0,,,1.0,,,apartment,7765 Pitcher Pt # 16-304,80817,CO,Fountain,https://ap.rdcpix.com/9fd6c9ec959ddfbe6e1a4ac0da7002e6l-m304379695od-w480_h360_x2.webp,https://ap.rdcpix.com/9fd6c9ec959ddfbe6e1a4ac0da7002e6l-m3402450632od-w480_h360_x2.webp,7765-Pitcher-Pt-16-304_Fountain_CO_80817_M92349-27177,True,True
1576.0,,,1.0,,,1.0,,,apartment,7765 Pitcher Pt # 05-102,80817,CO,Fountain,https://ap.rdcpix.com/0bc337d6bdb841acd2d0b2ce0efd3dcfl-m304379695od-w480_h360_x2.webp,https://ap.rdcpix.com/0bc337d6bdb841acd2d0b2ce0efd3dcfl-m3402450632od-w480_h360_x2.webp,7765-Pitcher-Pt-05-102_Fountain_CO_80817_M91115-77120,True,True
1576.0,,,1.0,,,1.0,,,apartment,7765 Pitcher Pt # 05-103,80817,CO,Fountain,https://ap.rdcpix.com/ce7ea42d4ff1fe5b42e85297a6b06f72l-m304379695od-w480_h360_x2.webp,https://ap.rdcpix.com/ce7ea42d4ff1fe5b42e85297a6b06f72l-m3402450632od-w480_h360_x2.webp,7765-Pitcher-Pt-05-103_Fountain_CO_80817_M99795-31971,True,True
1576.0,,,1.0,,,1.0,,,apartment,7765 Pitcher Pt # 02-108,80817,CO,Fountain,https://ap.rdcpix.com/d361360ee84bad5adb4fa0189bf62595l-m304379695od-w480_h360_x2.webp,https://ap.rdcpix.com/d361360ee84bad5adb4fa0189bf62595l-m3402450632od-w480_h360_x2.webp,7765-Pitcher-Pt-02-108_Fountain_CO_80817_M97606-39014,True,True
1576.0,,,1.0,,,1.0,,,apartment,7765 Pitcher Pt # 05-108,80817,CO,Fountain,https://ap.rdcpix.com/c23aaab3b4045b7d32b186cd4f744875l-m304379695od-w480_h360_x2.webp,https://ap.rdcpix.com/c23aaab3b4045b7d32b186cd4f744875l-m3402450632od-w480_h360_x2.webp,7765-Pitcher-Pt-05-108_Fountain_CO_80817_M91177-02458,True,True
1769.0,,,1.0,,,1.0,,,apartment,7765 Pitcher Pt # 16-305,80817,CO,Fountain,https://ap.rdcpix.com/b5dd101c1a60e70302b271bbf3f8ada7l-m304379695od-w480_h360_x2.webp,https://ap.rdcpix.com/b5dd101c1a60e70302b271bbf3f8ada7l-m3402450632od-w480_h360_x2.webp,7765-Pitcher-Pt-16-305_Fountain_CO_80817_M98800-92602,True,True
,1820.0,2570.0,,1.0,3.0,,1.0,2.0,apartment,11810 Uptown Walker Pl,33592,FL,Thonotosassa,https://ar.rdcpix.com/a4d186e54e3df1b63b05db8bc2594b76c-f3870137792od-w480_h360_x2.webp,https://ar.rdcpix.com/a4d186e54e3df1b63b05db8bc2594b76c-f4255399480od-w480_h360_x2.webp,11810-Uptown-Walker-Pl_Thonotosassa_FL_33592_M90299-06511,True,True
